4,-12.850493,4.1256337,2.2399304,-11.386974,2.712188,0.85304224
43,-12.851185,4.1256685,2.240256,-11.387051,2.7136078,0.8482983
68,-12.851569,4.126269,2.2395728,-11.393697,2.7131293,0.8528311
97,-12.852047,4.1263537,2.2397943,-11.386815,2.7124863,0.8511499
131,-12.8525095,4.12652,2.239937,-11.374552,2.7115002,0.85268867
165,-12.853563,4.126529,2.239999,-11.359545,2.7092519,0.85122013
200,-12.854297,4.1267095,2.2394934,-11.350088,2.7088337,0.8492601
235,-12.854999,4.1269436,2.2387397,-11.343133,2.7093391,0.8476194
270,-12.856472,4.1269727,2.2382693,-11.333102,2.708445,0.839131
298,-12.857078,4.12708,2.2369757,-11.326399,2.708507,0.8384454
331,-12.857519,4.1271467,2.2354908,-11.320979,2.7105002,0.8367213
372,-12.858461,4.1279883,2.2337556,-11.311709,2.7097774,0.8350693
400,-12.85843,4.1280055,2.2320445,-11.313356,2.7109215,0.83559704
435,-12.857948,4.1278734,2.2300913,-11.311536,2.7106905,0.83842134
467,-12.857709,4.128986,2.2282152,-11.3062525,2.7093058,0.83813775
499,-12.856642,4.1288424,2.2259595,-11.301957,2.7086968,0.8365897
531,-12.8551035,4.128603,2.2235453,-11.313558,2.711251,0.84062505
569,-12.853413,4.1280003,2.2206218,-11.30838,2.7107058,0.83309233
606,-12.851615,4.1277113,2.217849,-11.313552,2.7114792,0.8374797
639,-12.849315,4.1271486,2.2146878,-11.31482,2.7117798,0.83390534
671,-12.846567,4.1262302,2.2113287,-11.307292,2.7076406,0.8351327
709,-12.843049,4.1251054,2.207171,-11.315795,2.7072124,0.83816206
739,-12.839263,4.1241155,2.2027516,-11.328693,2.7089996,0.8419802
769,-12.8346195,4.1216283,2.1979523,-11.34267,2.715756,0.8503021
803,-12.829331,4.1202774,2.192405,-11.346943,2.7155452,0.85404193
836,-12.822889,4.1189055,2.18661,-11.347308,2.7155585,0.85337913
869,-12.8153715,4.1173825,2.1812043,-11.342796,2.7152996,0.8505541
905,-12.807092,4.1157846,2.174793,-11.33006,2.714353,0.84682786
935,-12.798019,4.1139994,2.1678548,-11.315859,2.7114313,0.8336035
970,-12.788478,4.112074,2.1608694,-11.3006,2.7063286,0.82482564
1003,-12.7777195,4.11012,2.1531434,-11.306907,2.7079902,0.83573437
1036,-12.765959,4.1080704,2.145095,-11.29525,2.7066326,0.82536376
1071,-12.753632,4.1056776,2.136503,-11.278917,2.7042542,0.8082094
1102,-12.73974,4.1030436,2.127024,-11.272063,2.7048554,0.80682087
1137,-12.7249,4.100618,2.1169977,-11.2615795,2.705627,0.79980147
1170,-12.708476,4.0979586,2.1071575,-11.22676,2.7119973,0.7702602
1202,-12.691744,4.0966578,2.0965114,-11.201136,2.7166538,0.75370514
1233,-12.674054,4.095792,2.0849762,-11.210023,2.7145138,0.76676726
1269,-12.657647,4.0966005,2.0730193,-11.209293,2.7239587,0.7695116
1310,-12.641206,4.097333,2.0610952,-11.194598,2.7248614,0.7555381
1333,-12.626172,4.0979958,2.0483663,-11.194419,2.7237215,0.74475324
1370,-12.612068,4.097737,2.0363338,-11.199308,2.7236903,0.7407433
1404,-12.599435,4.098075,2.023435,-11.185867,2.7343416,0.72167706
1433,-12.586057,4.0977063,2.010399,-11.154475,2.7301657,0.6888505
1468,-12.572373,4.097362,1.9974539,-11.165045,2.7297032,0.7018434
1501,-12.558059,4.096599,1.9847299,-11.185131,2.739132,0.7176205
1532,-12.544192,4.0961556,1.9724549,-11.187815,2.738367,0.7054968
1566,-12.532466,4.0969977,1.9602311,-11.14963,2.730072,0.65910304
1601,-12.519536,4.095693,1.9462925,-11.131187,2.7303777,0.64543974
1636,-12.5061245,4.0939074,1.93186,-11.098061,2.7280521,0.6173564
1667,-12.492672,4.0918174,1.9175354,-11.096828,2.7313137,0.6240523
1702,-12.47858,4.0893364,1.9023411,-11.081413,2.7304187,0.6180601
1733,-12.464735,4.0868616,1.8869592,-11.066927,2.7294545,0.61362135
1775,-12.451412,4.0845222,1.8713993,-11.047948,2.7290125,0.60399234
1806,-12.436934,4.0813355,1.8545866,-11.019195,2.727962,0.59287846
1833,-12.422424,4.0780582,1.8371224,-10.979603,2.7265012,0.56820774
1869,-12.408335,4.074408,1.8194932,-10.943522,2.725002,0.55087054
1901,-12.394215,4.071914,1.8002694,-10.897179,2.72011,0.51983595
1936,-12.379973,4.0701933,1.779676,-10.866772,2.7127786,0.4978844
1967,-12.36525,4.0703034,1.7588999,-10.897345,2.7225924,0.530218
2005,-12.351236,4.0709453,1.7378854,-10.935827,2.729361,0.5564511
2034,-12.338252,4.072938,1.7180781,-10.835295,2.7099013,0.48118854
2073,-12.325151,4.074546,1.6991035,-10.791964,2.7032676,0.45465386
2105,-12.311036,4.0759325,1.6801896,-10.777466,2.7039585,0.4524262
2143,-12.296304,4.077238,1.6629721,-10.783354,2.7045875,0.45650244
2165,-12.281082,4.077101,1.6464391,-10.814938,2.711101,0.46772766
2200,-12.267825,4.077941,1.6314613,-10.808334,2.7095819,0.44462478
2237,-12.254907,4.07801,1.6162833,-10.788437,2.7071538,0.42765713
2267,-12.242393,4.078065,1.5991203,-10.782097,2.704658,0.4193343
2300,-12.226847,4.0759883,1.5830077,-10.780505,2.7048655,0.41373074
2336,-12.210375,4.073443,1.5670967,-10.778624,2.703342,0.4040295
2369,-12.194404,4.07139,1.5508766,-10.78306,2.7032847,0.39000058
2402,-12.177892,4.068566,1.5348699,-10.764022,2.6973944,0.3523842
2438,-12.160506,4.0656595,1.5187526,-10.739932,2.6946945,0.31172037
2472,-12.141122,4.0607543,1.501116,-10.724688,2.7006512,0.28980923
2504,-12.121464,4.0577846,1.4849114,-10.711365,2.704946,0.26709294
2538,-12.101295,4.055379,1.4697124,-10.695426,2.7089682,0.23339152
2573,-12.080815,4.052676,1.453968,-10.060767,2.2234273,-0.3290708
2605,-12.0606165,4.050799,1.4383333,-9.386154,1.6961641,-0.90034604
2631,-12.04022,4.0493946,1.4220229,-9.468451,1.7466509,-0.8649074
2677,-12.019222,4.048576,1.4056058,-9.580229,1.8361428,-0.7696159
2703,-12.001425,4.049628,1.3901894,-9.433892,1.6771355,-1.0135862
2735,-11.984323,4.051249,1.3746434,-9.310281,1.5913608,-1.1203011
2779,-11.9661,4.053064,1.3575287,-9.312927,1.6057072,-1.0798178
2805,-11.949573,4.055025,1.3427387,-9.432903,1.6853352,-1.001511
2832,-11.933804,4.056981,1.3284011,-9.334272,1.5994186,-1.1118186
2868,-11.918395,4.0589843,1.3136165,-9.297116,1.5632899,-1.14977
2901,-11.90278,4.059014,1.2985597,-9.246542,1.528893,-1.1998534
2933,-11.887283,4.058342,1.2836565,-9.237768,1.5233068,-1.2166878
2971,-11.872706,4.0576706,1.269899,-9.215146,1.5214484,-1.2071917
3005,-11.857677,4.0555196,1.2544839,-9.255825,1.5654287,-1.1393414
3036,-11.842959,4.0529222,1.2387577,-9.1639595,1.490269,-1.232337
3069,-11.829415,4.050871,1.2223641,-9.059096,1.4241247,-1.3148324
3103,-11.815401,4.0476775,1.2054614,-8.85498,1.2897143,-1.4773344
3137,-11.801448,4.044368,1.1880577,-8.822608,1.2729783,-1.5128924
3168,-11.786783,4.041397,1.1695346,-8.58168,1.1639009,-1.6459712
3203,-11.772882,4.038156,1.1504225,-8.497026,1.1548855,-1.7132765
3238,-11.758747,4.0355616,1.1306928,-8.4620285,1.1625974,-1.7172478
3269,-11.743769,4.032975,1.1105814,-8.47811,1.1249392,-1.6751894
3302,-11.729648,4.0320373,1.0897816,-8.638894,1.1897242,-1.5231445
3333,-11.717322,4.0333257,1.0701617,-8.580171,1.1704221,-1.5523074
3367,-11.702739,4.034058,1.0503498,-8.4560375,1.1096318,-1.6827824
3400,-11.690471,4.0365133,1.0321417,-8.398559,1.1329651,-1.7476056
3433,-11.6767025,4.0387225,1.0152432,-8.407232,1.1317868,-1.7527698
3467,-11.6636,4.0395284,0.9991345,-8.437082,1.1009014,-1.7711549
3504,-11.65007,4.040708,0.9838661,-8.389078,1.0889435,-1.81799
3534,-11.636712,4.0408072,0.9683052,-8.391479,1.1050687,-1.8213892
3574,-11.623982,4.0400925,0.9526038,-8.323278,1.0654459,-1.8793757
3602,-11.608979,4.038335,0.936892,-8.344296,1.0742605,-1.875336
3633,-11.593224,4.035897,0.92098284,-8.371347,1.0650308,-1.8740156
3668,-11.5777645,4.0336657,0.9053004,-8.374271,1.0564654,-1.8975024
3717,-11.561931,4.0306883,0.88928646,-8.376528,1.0604665,-1.9171207
3734,-11.545553,4.027608,0.87335247,-8.349363,1.0465534,-1.982024
3769,-11.528438,4.0243793,0.85732645,-8.29903,1.0280628,-2.054096
3800,-11.510177,4.0213304,0.8411542,-8.230498,1.005141,-2.1300302
3833,-11.490964,4.018624,0.82535803,-8.179163,0.982723,-2.2074227
3865,-11.47142,4.015522,0.8091644,-8.077376,0.9485669,-2.3516898
3900,-11.451475,4.013763,0.7934924,-8.018672,0.9298761,-2.4411807
3933,-11.430557,4.0123844,0.77701336,-8.101618,0.9448762,-2.3702548
3966,-11.409631,4.012243,0.76057565,-8.229391,0.9626043,-2.2593706
4001,-11.390992,4.013587,0.74547213,-8.289161,0.94638586,-2.2787113
4032,-11.374585,4.015349,0.7306255,-8.239988,0.9310248,-2.3807502
4066,-11.35966,4.017519,0.7160373,-8.111271,0.91182065,-2.489233
4102,-11.343725,4.017956,0.70081425,-8.068244,0.91251516,-2.50003
4132,-11.327376,4.0179596,0.686054,-8.145791,0.93115044,-2.3887932
4173,-11.311578,4.0192122,0.6746102,-8.161367,0.9242265,-2.3896036
4203,-11.296772,4.019706,0.6621314,-8.167046,0.9183581,-2.4161077
4233,-11.282149,4.0191226,0.64880276,-8.166936,0.9164238,-2.4198403
4273,-11.26895,4.020313,0.63880265,-8.162789,0.9217434,-2.4052544
4304,-11.254028,4.0182557,0.6245734,-8.151293,0.92241955,-2.3978803
4333,-11.238947,4.0158563,0.6099488,-8.153835,0.9283881,-2.3632507
4370,-11.224526,4.0145917,0.5957584,-8.132756,0.9322572,-2.355822
4400,-11.209263,4.0122113,0.580485,-8.094426,0.9294703,-2.360129
4433,-11.194083,4.009881,0.5646738,-8.0375,0.93196726,-2.3753796
4468,-11.178741,4.007385,0.548187,-7.972495,0.9311476,-2.394549
4499,-11.162782,4.004897,0.53095865,-7.922827,0.92993546,-2.3949184
4533,-11.147042,4.002655,0.5131251,-7.854249,0.9293766,-2.41744
4573,-11.133292,3.9982817,0.49471182,-7.7903676,0.9321928,-2.4313543
4606,-11.117765,3.9965494,0.47485536,-7.796267,0.93182135,-2.394823
4635,-11.102727,3.9957392,0.45480797,-7.8491178,0.9356744,-2.320892
4672,-11.089191,3.9943786,0.43553022,-7.889633,0.9415009,-2.3034408
4704,-11.075944,3.995327,0.4161786,-7.8836517,0.9422755,-2.2832298
4733,-11.063014,3.9968977,0.3971483,-7.899534,0.9454422,-2.2429328
4774,-11.050075,3.9994342,0.37874526,-7.8478346,0.9420657,-2.2990603
4803,-11.037336,4.002622,0.3628936,-7.7974977,0.9355972,-2.3612373
4835,-11.024629,4.0051556,0.34781495,-7.807441,0.93484926,-2.3705444
4868,-11.013267,4.007082,0.33433935,-7.7998657,0.93335915,-2.3956301
4918,-11.002246,4.0086594,0.32073024,-7.7792015,0.9320655,-2.422432
4934,-10.9911995,4.009428,0.30736658,-7.7593718,0.9327171,-2.453732
4970,-10.981087,4.007346,0.29276323,-7.7262163,0.9272547,-2.4954002
5005,-10.968589,4.0061755,0.27902728,-7.7125053,0.9288378,-2.5058377
5032,-10.954882,4.004154,0.26514032,-7.7406344,0.9273627,-2.4972692
5077,-10.941674,4.0027475,0.25325304,-7.763532,0.92116547,-2.49475
5103,-10.928157,4.000449,0.23972504,-7.7443323,0.9225588,-2.540927
5133,-10.914235,3.9977062,0.22589652,-7.7402782,0.9225557,-2.5728402
5170,-10.9008,3.9954646,0.21308747,-7.729849,0.92464185,-2.6157272
5205,-10.886298,3.9930513,0.19951604,-7.6907883,0.92898583,-2.6756678
5235,-10.870878,3.9904046,0.18554062,-7.6823177,0.9320147,-2.710069
5276,-10.8562765,3.9891894,0.17493945,-7.656509,0.9361589,-2.76579
5304,-10.839834,3.987011,0.16090082,-7.6086054,0.9425285,-2.8344848
5337,-10.822575,3.9847987,0.14643246,-7.582796,0.942065,-2.8883119
5368,-10.8042,3.9818537,0.13004987,-7.5806227,0.94319296,-2.8670917
5404,-10.785042,3.9806247,0.11493806,-7.643896,0.9377167,-2.7605243
5436,-10.766662,3.98131,0.10180162,-7.6554756,0.9357059,-2.7662494
5470,-10.749349,3.9837108,0.086657,-7.645936,0.937412,-2.791231
5504,-10.733595,3.9849575,0.07332213,-7.654194,0.9392457,-2.7923315
5539,-10.7195215,3.9866483,0.06079326,-7.6075573,0.94364715,-2.867087
5574,-10.70795,3.990233,0.05188633,-7.5414715,0.938926,-2.976577
5606,-10.694225,3.9902117,0.039119355,-7.512996,0.93369246,-3.0142856
5638,-10.68077,3.9892333,0.025919184,-7.556381,0.93907213,-2.9652598
5669,-10.667893,3.9867413,0.01279697,-7.6239376,0.94096327,-2.9215217
5705,-10.656322,3.98523,8.48569E-4,-7.6857405,0.9375775,-2.9128456
5736,-10.646321,3.9831555,-0.011018596,-7.7248487,0.93263674,-2.93013
5772,-10.637763,3.9786267,-0.023111809,-7.7288914,0.9332597,-2.9512181
5800,-10.629483,3.9745243,-0.035243712,-7.708202,0.936471,-2.960753
5837,-10.621,3.9693632,-0.04686544,-7.68507,0.93840003,-2.9693778
5875,-10.608934,3.9642272,-0.06024048,-7.6324024,0.93833256,-3.0051143
5902,-10.599705,3.9568439,-0.07040951,-7.5414925,0.9391303,-3.066131
5933,-10.589453,3.9474263,-0.080915004,-7.4565434,0.93683577,-3.088293
5974,-10.582658,3.9373648,-0.08896024,-7.4019623,0.9346516,-3.0991366
6000,-10.571499,3.9241593,-0.10085135,-7.338674,0.9317262,-3.1055467
6037,-10.559797,3.909179,-0.11394756,-7.3236666,0.9342017,-3.0706804
6079,-10.548703,3.8945,-0.12980409,-7.306409,0.9367058,-3.0300474
6104,-10.538557,3.8780146,-0.14468998,-7.266988,0.94036007,-3.0232635
6137,-10.529322,3.8619773,-0.15987945,-7.121698,0.929904,-3.1092298
6167,-10.520164,3.849395,-0.17794928,-7.034849,0.92645144,-3.125375
6205,-10.510616,3.8365,-0.19464344,-7.0482435,0.9275503,-3.0821745
6233,-10.500725,3.8265111,-0.20882928,-7.0073967,0.9292097,-3.1208408
6279,-10.488494,3.8190582,-0.2224221,-7.0672216,0.92817354,-3.1143088
6305,-10.476828,3.8097932,-0.23799242,-7.3416243,0.94686127,-2.8466563
6337,-10.468505,3.80332,-0.25179204,-7.5180855,0.94093823,-2.744959
6369,-10.458702,3.7982347,-0.2651976,-7.3548355,0.95060515,-2.8915725
6401,-10.448975,3.7929122,-0.27702326,-7.346629,0.9480226,-2.9067261
6438,-10.436893,3.7856913,-0.2904158,-7.520544,0.9439211,-2.784346
6472,-10.424521,3.7772532,-0.3028304,-7.5502796,0.94639444,-2.8022084
6502,-10.4126,3.7686636,-0.31483805,-7.5849876,0.9459293,-2.846911
6538,-10.400974,3.757512,-0.32800078,-7.650858,0.9416392,-2.8665614
6568,-10.392466,3.745772,-0.33933696,-7.6425257,0.94266105,-2.9388824
6620,-10.381775,3.7311406,-0.35293284,-7.629301,0.9422574,-3.0115328
6637,-10.37002,3.7145414,-0.3667835,-7.6573286,0.9402206,-3.0440028
6665,-10.357605,3.6971903,-0.38053522,-7.6577153,0.93605804,-3.0895631
6704,-10.344774,3.679236,-0.3925946,-7.6616898,0.93482494,-3.1592126
6735,-10.332325,3.6619742,-0.40423658,-7.596355,0.9403169,-3.2466698
6781,-10.318861,3.646894,-0.41982403,-7.522753,0.94463825,-3.2674086
6802,-10.304551,3.633939,-0.43063587,-7.5357733,0.9438944,-3.2090676
6837,-10.290327,3.6241157,-0.44000766,-7.5815563,0.942091,-3.1401942
6873,-10.275168,3.6163547,-0.4507954,-7.662311,0.9412439,-2.9746985
6906,-10.262122,3.6109514,-0.4586677,-7.7483006,0.9285264,-2.8817844
6939,-10.251324,3.60731,-0.4664431,-7.7353477,0.92997456,-2.8621082
6969,-10.241362,3.6027684,-0.47487018,-7.6983986,0.9338355,-2.8251781
7011,-10.229923,3.598884,-0.48480576,-7.6901884,0.9268577,-2.76422
7033,-10.218919,3.5956268,-0.494072,-7.651799,0.9287994,-2.7391639
7064,-10.206024,3.5896556,-0.50292563,-7.5977597,0.94074106,-2.7474444
7098,-10.196198,3.5846786,-0.5125105,-7.5435133,0.9426217,-2.7595313
7134,-10.1867485,3.5781953,-0.5228727,-7.5007954,0.94535923,-2.752712
7165,-10.173065,3.5656643,-0.5388811,-7.4659786,0.95261717,-2.770698
7201,-10.163792,3.5559702,-0.55120146,-7.4249063,0.95329404,-2.7955885
7232,-10.154631,3.5444329,-0.5651807,-7.3984585,0.953984,-2.8059702
7266,-10.145014,3.5295036,-0.5824623,-7.35917,0.95716405,-2.8413503
7300,-10.137063,3.5157778,-0.59810793,-7.245703,0.9581857,-2.9263003
7332,-10.1293,3.5020704,-0.6139503,-7.1670732,0.9583578,-3.0054886
7367,-10.120174,3.4858203,-0.6321669,-7.137861,0.95872736,-3.0302453
7405,-10.110442,3.472877,-0.6486606,-7.1872354,0.9584284,-2.9831014
7432,-10.101531,3.4620323,-0.66303504,-7.2826443,0.95586085,-2.959847
7467,-10.096983,3.454376,-0.6748191,-7.3535185,0.9541187,-2.9639018
7501,-10.090573,3.4472198,-0.6895492,-7.474681,0.9544349,-2.862353
7532,-10.085269,3.443237,-0.70251644,-7.558587,0.95077753,-2.8303688
7567,-10.077214,3.4417393,-0.71501386,-7.46357,0.9537692,-2.9355004
7600,-10.068239,3.4395092,-0.72647464,-7.4799128,0.95188785,-2.9333081
7635,-10.057882,3.437086,-0.7373867,-7.5384855,0.95003533,-2.929774
7674,-10.0465145,3.4332693,-0.7472931,-7.5106964,0.9494672,-2.9817343
7700,-10.034608,3.428195,-0.7577659,-7.5600863,0.9506233,-2.9868796
7733,-10.022722,3.4211419,-0.7685511,-7.6018734,0.95056605,-3.0308945
7765,-10.012109,3.414432,-0.77558327,-7.507616,0.9462216,-3.169907
7804,-9.998855,3.4029214,-0.7871388,-7.503961,0.9474306,-3.203707
7833,-9.984295,3.38929,-0.79904187,-7.6083755,0.9537904,-3.1559017
7871,-9.9707365,3.3772302,-0.8107534,-7.6203103,0.94959736,-3.1643066
7907,-9.956139,3.361783,-0.8217409,-7.556869,0.98941684,-3.2641218
7933,-9.941243,3.345351,-0.8322727,-7.549225,0.98898625,-3.2953105
7972,-9.865655,3.3892598,-0.93318385,-7.48407,0.9725971,-3.3504016
8004,-9.850451,3.3727076,-0.94626534,-7.461675,0.98056984,-3.334789
8032,-9.835772,3.3589463,-0.9590085,-7.5168524,0.9760587,-3.2740672
8068,-9.820732,3.3599439,-0.9746709,-7.516931,0.9679234,-3.277846
8102,-9.808625,3.3533108,-0.98249984,-7.474436,0.974952,-3.3211107
8136,-9.794666,3.3464568,-0.99256307,-7.518132,0.9733026,-3.242579
8168,-9.78118,3.3452291,-1.0031416,-7.7156777,0.95640755,-2.948182
8203,-9.768755,3.3437903,-1.01104,-7.76259,0.95102143,-2.896531
8239,-9.757562,3.344521,-1.017843,-7.7132883,0.95950294,-2.9375439
8267,-9.747792,3.3452864,-1.0244209,-7.7171574,0.9557774,-2.9249341
8301,-9.736227,3.3424985,-1.0333784,-7.687644,0.9609897,-2.9324825
8333,-9.724922,3.337979,-1.0427022,-7.6231856,0.96723914,-2.9479694
8370,-9.715618,3.3326757,-1.051943,-7.544014,0.96851945,-2.953371
8401,-9.704364,3.3244405,-1.0627233,-7.5425467,0.9705,-2.916459
8432,-9.694159,3.3161278,-1.0731119,-7.486004,0.97136855,-2.9320831
8471,-9.684803,3.307205,-1.0839311,-7.4382753,0.96912956,-2.9697022
8501,-9.675106,3.2981782,-1.094272,-7.43594,0.96609783,-2.9982674
8546,-9.665246,3.285276,-1.1089875,-7.4257555,0.96358943,-3.0101562
8569,-9.656438,3.2712812,-1.1264017,-7.368101,0.96448207,-3.0194397
8601,-9.6475525,3.2570322,-1.1424451,-7.240651,0.97075677,-3.0836124
8637,-9.6384945,3.2428467,-1.1581103,-7.052265,0.96061945,-3.233828
8673,-9.629766,3.2291687,-1.1747502,-6.958007,0.9441476,-3.3078961
8701,-9.617805,3.2157798,-1.1918446,-7.019943,0.96550655,-3.2055843
8737,-9.605785,3.2042527,-1.2067516,-7.156785,0.98041606,-3.09919
8767,-9.600013,3.1967084,-1.2150118,-7.2467785,0.9703903,-3.04825
8806,-9.590854,3.1892467,-1.2297716,-7.403413,0.97330666,-2.9195445
8835,-9.583877,3.1857524,-1.2423041,-7.416025,0.97063017,-2.942109
8867,-9.578559,3.1859035,-1.2506733,-7.260954,0.97315574,-3.0358493
8905,-9.567238,3.182414,-1.2618926,-7.2454515,0.9874964,-3.0473585
8936,-9.554024,3.1771815,-1.2737948,-7.2778616,0.9882159,-3.0295799
8968,-9.5439005,3.1864564,-1.2756541,-7.24583,0.97501874,-3.081286
9006,-9.529536,3.1772814,-1.286872,-7.3167467,0.97201943,-3.1184843
9040,-9.515942,3.165621,-1.2986959,-7.372509,0.9624181,-3.1521535
9069,-9.505068,3.1561227,-1.3074508,-7.3443227,0.95509815,-3.2069106
9100,-9.491551,3.140124,-1.3192431,-7.3279457,0.9616716,-3.27381
9135,-9.477096,3.1217725,-1.3307822,-7.3328915,0.9635651,-3.2944002
9168,-9.46384,3.104839,-1.340927,-7.3360534,0.9736843,-3.3466444
9199,-9.450452,3.085717,-1.3510646,-7.3437014,0.9716821,-3.3872662
9234,-9.437412,3.0680852,-1.360867,-6.786891,0.5824306,-3.8914247
9267,-9.423439,3.0520215,-1.370689,-6.934577,0.7017212,-3.6953702
9303,-9.411288,3.0395753,-1.3785646,-7.3301,0.9750087,-3.362111
9335,-9.397905,3.029134,-1.3866189,-7.3251824,0.9754813,-3.348096
9369,-9.385972,3.0215418,-1.3958977,-7.4113894,0.9517784,-3.1903882
9402,-9.373039,3.0162385,-1.4042993,-7.532354,0.9665227,-3.1302066
9435,-9.362911,3.01457,-1.4122235,-7.45864,0.9550016,-3.1746309
9470,-9.355376,3.0139904,-1.4188455,-7.425004,0.9541826,-3.152626
9503,-9.34446,3.0118906,-1.428972,-7.444277,0.9578054,-3.126488
9533,-9.334988,3.0102274,-1.4376923,-7.400876,0.95265603,-3.1593282
9569,-9.326515,3.0051644,-1.4433801,-7.3352423,0.95233107,-3.2155175
9610,-9.315919,2.998216,-1.4532208,-7.285242,0.9690192,-3.2336106
9633,-9.304823,2.988693,-1.4641412,-7.2426167,0.97136235,-3.212472
9672,-9.2948475,2.9784508,-1.4736791,-7.1757364,0.97089386,-3.2106266
9708,-9.282843,2.965745,-1.4851811,-7.1787663,0.9673842,-3.186288
9732,-9.271691,2.9520357,-1.4973851,-7.169316,0.96522737,-3.188899
9772,-9.261105,2.9362247,-1.5118059,-7.0828247,0.95080936,-3.254015
9803,-9.250696,2.9215808,-1.5269339,-7.0153093,0.934675,-3.304841
9833,-9.239245,2.9076762,-1.5432887,-6.993921,0.9314828,-3.2958608
9868,-9.226752,2.895497,-1.5606961,-6.9607882,0.9037658,-3.3243718
9909,-9.216014,2.8868465,-1.5747603,-6.618594,0.6327548,-3.6299143
9935,-9.205945,2.879341,-1.5879335,-6.0405064,0.17051125,-4.1533976
9972,-9.195813,2.8736842,-1.60165,-6.1661406,0.2828622,-4.01929
9999,-9.185304,2.8664114,-1.6150961,-7.044406,0.93911076,-3.3020625
10036,-9.175332,2.8598175,-1.6276987,-7.2696395,0.9684135,-3.1830122
10068,-9.167767,2.8524532,-1.6383218,-7.298229,0.964167,-3.208933
10098,-9.159544,2.8471646,-1.6497515,-7.252244,0.9781637,-3.2248898
10135,-9.148919,2.840551,-1.6617292,-7.327724,0.9555094,-3.2072468
10169,-9.13791,2.8355541,-1.6716269,-7.3484783,0.94855845,-3.206193
10200,-9.125722,2.8294928,-1.681103,-7.3341317,0.95682657,-3.2409492
10233,-9.112735,2.8215802,-1.6910194,-7.3255267,0.95948434,-3.272884
10266,-9.102099,2.814493,-1.6988349,-7.306054,0.9661342,-3.3193524
10301,-9.088983,2.8027868,-1.7097471,-7.295679,0.9712689,-3.3371732
10337,-9.075349,2.7890408,-1.7209557,-7.303699,0.969748,-3.3382685
10368,-9.063296,2.7749848,-1.7294985,-7.303079,0.96818674,-3.3449059
10402,-9.049951,2.7589178,-1.7400647,-7.3012795,0.97173595,-3.353191
10437,-9.037216,2.7427707,-1.7501569,-7.2896104,0.9713304,-3.381154
10471,-9.026725,2.7296264,-1.7581487,-7.2674303,0.9639362,-3.4119554
10503,-9.013827,2.7152774,-1.7681856,-7.28261,0.970487,-3.3857632
10536,-9.001108,2.7036295,-1.777365,-7.293244,0.9717133,-3.3672693
10569,-8.9915,2.69586,-1.784068,-7.292689,0.9680542,-3.3611898
10606,-8.979434,2.689255,-1.793139,-7.313121,0.9656459,-3.3392272
10635,-8.966988,2.6842103,-1.8034317,-7.3826404,0.94448054,-3.2317076
10676,-8.957626,2.6816943,-1.8118032,-7.4052877,0.94534814,-3.228287
10703,-8.94939,2.6806538,-1.8209498,-7.40354,0.9468888,-3.2376282
10734,-8.941339,2.6778405,-1.8316063,-7.4092293,0.9510325,-3.2445614
10772,-8.938075,2.675751,-1.8390167,-7.4108143,0.9445976,-3.2427232
10806,-8.929726,2.668276,-1.8509486,-7.3887954,0.9439635,-3.2479515
10832,-8.921171,2.6590016,-1.8627208,-7.3836117,0.9465209,-3.2424228
10872,-8.911293,2.6476636,-1.8738699,-7.384553,0.9427898,-3.2281704
10902,-8.902049,2.6358178,-1.8853366,-7.3827534,0.9431218,-3.231609
10937,-8.892424,2.6223438,-1.8975075,-7.3860016,0.94639623,-3.225205
10966,-8.882253,2.6067376,-1.9111134,-7.3845844,0.9461434,-3.228303
10999,-8.873682,2.5928876,-1.9243848,-7.3796954,0.94466627,-3.229991
11032,-8.864023,2.576248,-1.9402696,-7.357211,0.9490075,-3.2562056
11070,-8.852563,2.5608065,-1.9570148,-7.3344555,0.9508835,-3.255578
11100,-8.840929,2.545612,-1.9736867,-7.364658,0.9435272,-3.2124176
11135,-8.830349,2.5331485,-1.98853,-7.3844366,0.93985057,-3.2126305
11165,-8.820183,2.522149,-2.0008368,-7.3815985,0.9424846,-3.22614
11198,-8.810507,2.5138872,-2.014497,-7.3949842,0.9412601,-3.2071714
11236,-8.801128,2.5081024,-2.0264246,-7.5865545,0.99671423,-3.06859
11266,-8.793985,2.5049186,-2.036118,-7.574899,0.99505854,-3.08559
11302,-8.785261,2.5025465,-2.0460205,-7.4349957,0.9423555,-3.200068
11333,-8.774082,2.4986334,-2.0562959,-7.515426,0.9719744,-3.1325095
11369,-8.763714,2.495051,-2.0655854,-7.506515,0.9706739,-3.1262717
11399,-8.751466,2.4905045,-2.0744624,-7.509139,0.97751117,-3.1232305
11434,-8.739578,2.484849,-2.083584,-7.509143,0.9762132,-3.1249557
11471,-8.730536,2.4796689,-2.0915315,-7.4245296,0.94018793,-3.2060633
11501,-8.719523,2.4717877,-2.1021008,-7.4127293,0.9396812,-3.2193692
11536,-8.707706,2.4626722,-2.1128855,-7.409421,0.9439372,-3.2310624
11570,-8.695143,2.452033,-2.1256027,-7.4085774,0.9450443,-3.2371154
11600,-8.681544,2.4399867,-2.1368327,-7.4133425,0.94742906,-3.2388644
11636,-8.667986,2.4274912,-2.1473837,-7.4057336,0.95344317,-3.257299
11668,-8.655616,2.4159682,-2.1546278,-7.3601456,0.9551984,-3.3004422
11702,-8.642592,2.4030168,-2.164757,-7.314175,0.96129966,-3.3494563
11742,-8.62901,2.3907275,-2.1754968,-7.2959557,0.96524394,-3.3611784
11766,-8.614614,2.3786874,-2.186383,-7.29156,0.9671904,-3.3579135
11803,-8.602015,2.3708103,-2.194886,-7.2839165,0.9718305,-3.3783941
11839,-8.588488,2.363286,-2.2053044,-7.266853,0.97593284,-3.373755
11871,-8.5734415,2.3570309,-2.2174296,-7.3229876,0.9578388,-3.3016305
11910,-8.55937,2.352297,-2.2289944,-7.386341,0.9411715,-3.250146
11938,-8.5481205,2.3507223,-2.2393851,-7.345999,0.94885147,-3.2895613
11969,-8.534678,2.345022,-2.2540352,-7.331491,0.95541763,-3.2975843
12026,-8.521971,2.34039,-2.267581,-7.3336363,0.9532989,-3.2924886
12038,-8.509698,2.335694,-2.2801886,-7.2965975,0.9621564,-3.323472
12065,-8.494174,2.3280857,-2.2932107,-7.2684283,0.96952105,-3.3333974
12100,-8.479237,2.3195007,-2.3064911,-6.8738346,0.5915024,-3.5960636
12135,-8.464857,2.3102632,-2.3200765,-7.106753,0.93108714,-3.3705473
12167,-8.447897,2.297469,-2.3359938,-7.115702,0.93227804,-3.37181
12200,-8.432459,2.2857757,-2.3517277,-7.0957193,0.9282236,-3.3802161
12236,-8.417656,2.273809,-2.368749,-6.425036,0.27505112,-3.9216378
12273,-8.400979,2.259886,-2.3884964,-6.132155,0.089161396,-4.1425614
12304,-8.386835,2.248267,-2.4085531,-5.8823943,-0.04591465,-4.336152
12334,-8.37172,2.2372632,-2.4297843,-5.7282686,-0.1588695,-4.4343863
12374,-8.354347,2.2277548,-2.4500115,-5.8743534,-0.063210726,-4.314283
12402,-8.33998,2.2222748,-2.4675355,-5.894614,-0.05419469,-4.3534117
12436,-8.325976,2.2182307,-2.4850547,-5.8991685,-0.06865454,-4.3475513
12466,-8.310926,2.216156,-2.5022144,-6.32965,0.21049857,-4.0322933
12499,-8.299279,2.2164836,-2.5174506,-6.336299,0.19172192,-4.0627155
12535,-8.287798,2.2181964,-2.5316303,-6.209278,0.14312696,-4.164063
12566,-8.280054,2.222214,-2.5413895,-6.200335,0.11541891,-4.1719036
12601,-8.265594,2.222086,-2.5553446,-6.247427,0.14049649,-4.1412253
12635,-8.250893,2.22214,-2.5681157,-6.15596,0.082202196,-4.217882
12665,-8.235331,2.2213151,-2.5806644,-6.1291137,0.06870413,-4.249423
12706,-8.218862,2.2190862,-2.5934422,-6.122244,0.110337734,-4.2657757
12736,-8.202599,2.2177312,-2.6056907,-5.995098,0.016813278,-4.378542
12766,-8.179837,2.2104642,-2.6229076,-5.9511404,-0.019960403,-4.4312396
12800,-8.162236,2.2093072,-2.6344938,-5.9001093,-0.060124636,-4.486746
12834,-8.144103,2.208747,-2.6459932,-5.6957135,-0.21942759,-4.677459
12869,-8.125933,2.2103343,-2.6587906,-5.3550186,-0.476238,-5.001448
12904,-8.106394,2.2112224,-2.6715152,-5.219475,-0.58432555,-5.1380687
12933,-8.085502,2.2123811,-2.6855664,-5.3825235,-0.47172165,-5.0149736
12966,-8.063116,2.212868,-2.7020578,-5.605384,-0.32389855,-4.8539505
13001,-8.045823,2.216822,-2.7144523,-5.362364,-0.52312875,-5.113543
13034,-8.029194,2.2201176,-2.7267962,-4.8022447,-0.9358108,-5.6365423
13073,-8.01303,2.223272,-2.739081,-4.76273,-0.97253275,-5.674062
13105,-7.9955444,2.2236538,-2.7523353,-4.9261103,-0.83246946,-5.4752426
13133,-7.978973,2.224573,-2.7638946,-5.1239104,-0.67829275,-5.2777042
13171,-7.9658394,2.2261863,-2.7729936,-4.892177,-0.85399437,-5.500057
13198,-7.951677,2.2277453,-2.7824664,-4.592576,-1.0743198,-5.755013
13233,-7.9366317,2.2276788,-2.792884,-4.504708,-1.0959656,-5.775184
13266,-7.9212236,2.2265801,-2.8037436,-4.4046984,-1.1275942,-5.8007646
13299,-7.9057326,2.2256002,-2.8144062,-4.331703,-1.1545835,-5.8570986
13338,-7.889692,2.2240603,-2.8255002,-4.258095,-1.1733522,-5.866229
13368,-7.8731823,2.222783,-2.8353484,-4.1947393,-1.1826577,-5.8735733
13402,-7.8571334,2.2206178,-2.8474703,-4.184188,-1.1740923,-5.8420744
13434,-7.84063,2.217731,-2.8606026,-4.1153207,-1.1584244,-5.855596
13470,-7.824426,2.2158387,-2.8736758,-4.076416,-1.1716278,-5.8584495
13502,-7.80694,2.2120173,-2.8891697,-4.0484505,-1.1716781,-5.865205
13539,-7.788939,2.2081897,-2.9058006,-4.0618534,-1.1560018,-5.8149004
13567,-7.771536,2.2045887,-2.9228318,-4.0418797,-1.1603839,-5.8030906
13598,-7.7542286,2.2029858,-2.9410715,-4.0180793,-1.1266935,-5.7993917
13632,-7.735764,2.2020893,-2.9601161,-4.0379133,-1.1419191,-5.77045
13676,-7.7177634,2.2035096,-2.9786017,-4.0611277,-1.1472414,-5.7603083
13698,-7.70014,2.2046974,-2.9972246,-4.175844,-1.1260643,-5.666539
13732,-7.6852856,2.207268,-3.0145724,-4.1491194,-1.1393082,-5.7157865
13767,-7.670675,2.2135708,-3.0326195,-4.0527916,-1.0839944,-5.745963
13798,-7.655537,2.2145615,-3.0502734,-4.0414495,-0.99269295,-5.769712
13835,-7.6392617,2.2147627,-3.0671668,-4.051178,-1.0810051,-5.7494884
13871,-7.621276,2.2161202,-3.0821261,-4.1275964,-1.088135,-5.724885
13902,-7.605827,2.2163174,-3.0964794,-4.020275,-1.1565976,-5.8535423
13931,-7.591026,2.2159584,-3.11068,-3.9576697,-1.1639178,-5.921093
13967,-7.5766644,2.2167087,-3.1242788,-3.9150224,-1.1595986,-5.953746
14006,-7.5600915,2.2139826,-3.1388388,-3.9739764,-1.161614,-5.92147
14034,-7.542594,2.210441,-3.1534045,-4.032415,-1.1591401,-5.8841352
14065,-7.524443,2.2064805,-3.1664605,-4.1396685,-1.1517906,-5.829855
14098,-7.506679,2.2025957,-3.1809638,-4.144196,-1.1537697,-5.848509
14132,-7.4888854,2.1988602,-3.1957495,-4.106352,-1.1599243,-5.880971
14165,-7.4684086,2.1967003,-3.2127545,-3.991762,-1.165093,-5.9326515
14209,-7.4500165,2.1945503,-3.2274113,-3.8332963,-1.1616375,-6.1005173
14231,-7.431381,2.1936579,-3.2411366,-3.8019488,-1.1727674,-6.1438184
14265,-7.4121046,2.191606,-3.256539,-3.7107968,-1.1427727,-6.3605723
14297,-7.3924074,2.1913886,-3.2720845,-3.6726716,-1.1441894,-6.4264345
14333,-7.372144,2.191298,-3.288582,-3.7783315,-1.1635857,-6.3628235
14367,-7.3545218,2.1900184,-3.302525,-3.862119,-1.1501522,-6.3384895
14403,-7.338956,2.1904254,-3.3181689,-3.7664573,-1.1646695,-6.5112534
14431,-7.323713,2.1892116,-3.3353837,-3.7989964,-1.1620741,-6.4213
14468,-7.309533,2.188302,-3.3510542,-3.9352949,-1.150861,-6.3286004
14501,-7.2971544,2.1880562,-3.3652039,-3.9843018,-1.1556048,-6.3107204
14532,-7.285642,2.1879036,-3.378083,-3.9505045,-1.1569214,-6.3609676
14568,-7.277981,2.1915631,-3.3903143,-3.8774605,-1.1614244,-6.4079595
14601,-7.2654023,2.1890297,-3.4038873,-3.9117298,-1.1539004,-6.414645
14635,-7.252796,2.1859913,-3.4174144,-3.9180458,-1.1530178,-6.373295
14667,-7.2435536,2.1849654,-3.4261863,-4.0941257,-1.0270998,-6.118252
14698,-7.2311835,2.1815362,-3.439357,-4.1377325,-1.0297489,-6.0370197
14737,-7.219879,2.178146,-3.4527168,-4.105304,-1.0443106,-6.0494456
14770,-7.2139425,2.1787193,-3.4606025,-4.1043396,-1.0035479,-6.0133257
14803,-7.203324,2.1751058,-3.4757786,-3.9850364,-1.0787051,-6.0292377
14836,-7.1922727,2.1712902,-3.4922266,-4.121963,-0.99695134,-5.8407345
14878,-7.1891975,2.1688833,-3.5012386,-4.1151686,-1.0930367,-5.784411
14903,-7.180843,2.1678867,-3.5151448,-4.125886,-1.0894029,-5.7834616
14936,-7.1738124,2.167425,-3.5285225,-4.1090946,-1.0345764,-5.8218336
14968,-7.1737814,2.170026,-3.5374928,-4.153329,-0.9760375,-5.7807636
15000,-7.1659064,2.1680176,-3.5509717,-4.116831,-1.0484762,-5.802616
15032,-7.157533,2.166163,-3.5631592,-4.14709,-1.0893071,-5.754208
15070,-7.1548157,2.1639163,-3.5696714,-4.1448245,-1.0962195,-5.738268
15099,-7.147416,2.1616807,-3.581004,-4.188931,-1.0559857,-5.747653
15133,-7.1394877,2.1580877,-3.5929797,-4.1863756,-1.0715134,-5.753087
15176,-7.132573,2.1549149,-3.6037288,-4.3083925,-0.99144554,-5.675384
15202,-7.1233435,2.1493444,-3.615593,-4.2874494,-1.0576372,-5.729131
15236,-7.114553,2.1434023,-3.6270268,-4.243705,-1.1125836,-5.7772174
15266,-7.1073422,2.137266,-3.63669,-4.2329454,-1.1226025,-5.85717
15311,-7.098267,2.1290827,-3.6483173,-4.2578745,-1.1026785,-5.8430185
15336,-7.0884767,2.119484,-3.6598418,-4.3057013,-1.0022366,-5.8154373
15365,-7.0798483,2.1098475,-3.6684678,-4.2566586,-1.0243025,-5.8576155
15398,-7.0683928,2.0975275,-3.6795561,-4.274932,-1.0165789,-5.871749
15436,-7.0564175,2.084237,-3.6900754,-4.3038197,-0.917362,-5.841614
15466,-7.0472164,2.0705984,-3.6964083,-4.627466,-0.557065,-5.645919
15502,-7.035761,2.0563047,-3.7059777,-4.303714,-0.7857814,-5.907606
15532,-7.0246553,2.0421877,-3.7150795,-4.2006536,-0.81104493,-6.0132885
15571,-7.012788,2.0309997,-3.7265708,-4.162701,-0.7698839,-6.0200253
15601,-6.999985,2.016922,-3.738927,-4.0982614,-0.8710568,-5.9985533
15638,-6.988327,2.0060823,-3.7491646,-4.1625786,-0.86577106,-5.9416237
15668,-6.983243,1.9960204,-3.7541027,-4.1672325,-0.8541894,-6.0128126
15700,-6.9744596,1.988056,-3.7626047,-4.035226,-0.8906847,-6.069217
15736,-6.963058,1.9785306,-3.7728899,-4.2286587,-0.82141614,-5.9033623
15768,-6.9531016,1.9707812,-3.7810616,-4.5250306,-0.715085,-5.7003202
15800,-6.9434323,1.9638681,-3.7905166,-4.450389,-0.77506196,-5.704541
15834,-6.9330506,1.9558915,-3.801845,-4.2934504,-1.109039,-5.8508053
15869,-6.9288073,1.9507936,-3.8125234,-4.273423,-1.1402117,-5.8640394
15899,-6.920689,1.9426407,-3.826157,-4.285404,-1.1109667,-5.8174286
15932,-6.9123297,1.9335254,-3.8407247,-4.2716513,-1.1143707,-5.8178816
15968,-6.9078765,1.9269732,-3.853143,-4.2844706,-1.0918351,-5.788916
16002,-6.900045,1.9162915,-3.8695595,-4.2875786,-1.0770413,-5.754904
16039,-6.89223,1.9047117,-3.8866234,-4.295664,-1.0587387,-5.76132
16064,-6.8864846,1.892881,-3.9048789,-4.2755585,-1.0700244,-5.7950544
16099,-6.8799443,1.8804907,-3.923268,-4.3048363,-0.9068041,-5.748283
16133,-6.8732276,1.8684263,-3.9420493,-4.1318483,-0.88676727,-5.8787565
16171,-6.8633895,1.8542439,-3.9624176,-4.097252,-0.9487953,-5.8817253
16199,-6.8553276,1.8435235,-3.981476,-4.081749,-1.1100239,-5.9335656
16236,-6.849212,1.8353689,-3.999321,-4.1582174,-1.1334479,-5.9048257
16270,-6.8399525,1.8236305,-4.019745,-4.186268,-1.1627741,-5.9750032
16300,-6.8358793,1.8199846,-4.0358596,-4.199829,-1.1685613,-5.972929
16339,-6.8303194,1.8179094,-4.050495,-4.2021093,-1.1755226,-6.0030737
16373,-6.8193426,1.8125002,-4.0659623,-4.1977673,-1.1818148,-6.0355077
16406,-6.8098364,1.811114,-4.078601,-4.216047,-1.1852335,-6.05699
16435,-6.799269,1.8092291,-4.0907536,-4.2136917,-1.1815822,-6.082126
16466,-6.785985,1.8053039,-4.1031194,-4.2426066,-1.1765158,-6.128974
16499,-6.7748575,1.8001513,-4.115092,-4.224718,-1.1769953,-6.19718
16532,-6.7637997,1.7930948,-4.1268625,-4.171246,-1.1751528,-6.243973
16565,-6.752726,1.7827848,-4.139473,-4.1230164,-1.1692053,-6.2672033
16599,-6.7400784,1.7703241,-4.1518097,-4.105498,-1.1700749,-6.3209553
16637,-6.726289,1.7555301,-4.164309,-4.0735455,-1.1625612,-6.353706
16669,-6.709723,1.7357835,-4.1774096,-4.085785,-1.1615256,-6.3280387
16702,-6.694364,1.7179471,-4.1890354,-4.089593,-1.1657939,-6.345483
16737,-6.680025,1.7003642,-4.1998477,-4.02052,-1.1670524,-6.4159718
16770,-6.6654773,1.6834737,-4.2120953,-3.970445,-1.1712512,-6.485487
16802,-6.6512237,1.6669536,-4.2234387,-3.977574,-1.1680106,-6.458381
16835,-6.637741,1.6535044,-4.23307,-3.9840484,-1.1732904,-6.418434
16870,-6.6261296,1.6428119,-4.237522,-4.000718,-1.1673774,-6.4069414
16904,-6.612248,1.6329031,-4.245219,-3.9971638,-1.1662599,-6.3320484
16932,-6.5973606,1.6230587,-4.252878,-4.0438137,-1.1758112,-6.2144065
16975,-6.5837502,1.6138325,-4.259789,-4.1475897,-1.1790074,-6.138002
17004,-6.571385,1.6047083,-4.2679005,-4.163438,-1.1799453,-6.076899
17032,-6.5591264,1.5948882,-4.2775025,-4.169031,-1.1633753,-5.9696894
17069,-6.5491123,1.5880592,-4.288802,-4.1884384,-1.1655504,-5.916221
17103,-6.5388923,1.5804784,-4.298405,-4.1390843,-1.1648592,-5.9040937
17135,-6.5287933,1.5731457,-4.308196,-4.053439,-1.1734481,-5.9098797
17168,-6.5204782,1.568775,-4.317588,-4.0491953,-1.1769451,-5.9083805
17200,-6.5096335,1.5593978,-4.3289638,-3.9465969,-1.1701072,-5.932729
17234,-6.4982924,1.5486746,-4.3412538,-3.83684,-1.1671958,-5.988832
17271,-6.4869494,1.5366651,-4.353738,-3.7976663,-1.1745132,-6.002263
17314,-6.475765,1.5245315,-4.368327,-3.7521784,-1.1822066,-6.038541
17332,-6.4648285,1.5130881,-4.383817,-3.7455668,-1.1782877,-6.034425
17367,-6.4558954,1.5029359,-4.3987045,-3.796525,-1.1727929,-6.0094314
17399,-6.4473953,1.4946376,-4.4132423,-3.829171,-1.1681881,-6.0495715
17436,-6.440329,1.4878297,-4.427384,-3.8045924,-1.1711949,-6.085353
17466,-6.4316444,1.4802321,-4.4412336,-3.8354187,-1.1642792,-6.054844
17517,-6.422607,1.4738648,-4.455373,-4.081194,-1.1807107,-5.9387574
17533,-6.415394,1.4704942,-4.467921,-4.106925,-1.1819924,-5.9378347
17562,-6.4067883,1.4650722,-4.4805865,-4.0836773,-1.1709241,-5.9750805
17599,-6.3985424,1.4613748,-4.4928594,-4.1238623,-1.1722693,-6.025777
17637,-6.388556,1.4557917,-4.505401,-4.1259503,-1.1713431,-6.0533576
17670,-6.376444,1.4495764,-4.517716,-4.153021,-1.1800627,-6.0423894
17707,-6.364663,1.4417628,-4.529344,-4.164666,-1.1937413,-6.06052
17739,-6.353362,1.4328938,-4.5412154,-4.1798143,-1.1958799,-6.078598
17767,-6.3420405,1.4214231,-4.553826,-4.172489,-1.1902527,-6.1284328
17806,-6.330283,1.4099727,-4.565918,-4.1237016,-1.1825231,-6.1980376
17831,-6.317325,1.3969328,-4.5776587,-4.1053877,-1.1705205,-6.255554
17865,-6.3007092,1.3809242,-4.5908456,-4.106089,-1.1693492,-6.2910485
17898,-6.286813,1.3654194,-4.6016316,-4.0653615,-1.176527,-6.335082
17931,-6.2735147,1.3494359,-4.61201,-4.01944,-1.1814842,-6.427424
17969,-6.2610188,1.3327638,-4.623024,-3.9344604,-1.1823579,-6.6041427
17998,-6.248192,1.317716,-4.635823,-3.882797,-1.179033,-6.663744
18031,-6.2341933,1.3045511,-4.6491055,-3.9747827,-1.1661671,-6.4935956
18066,-6.2193003,1.2948416,-4.661148,-3.9867651,-1.1675348,-6.4519763
18099,-6.207859,1.289,-4.671047,-3.9733188,-1.1646702,-6.4836125
18132,-6.1961417,1.2839321,-4.6822715,-4.029216,-1.1739056,-6.395749
18166,-6.185328,1.2807533,-4.69374,-4.105422,-1.1724476,-6.335031
18198,-6.176239,1.2781514,-4.705533,-4.0785236,-1.1741145,-6.3731227
18232,-6.166753,1.2736126,-4.719281,-4.125415,-1.1694196,-6.368764
18264,-6.1602654,1.2702154,-4.734354,-4.192375,-1.1862705,-6.360577
18302,-6.1528974,1.2636992,-4.7502337,-4.101956,-1.1798388,-6.4218717
18336,-6.145522,1.2554007,-4.7661185,-4.0307417,-1.181609,-6.483924
18365,-6.1403546,1.2456304,-4.7801023,-3.9614491,-1.1979207,-6.6079693
18400,-6.1330996,1.2327173,-4.7963834,-3.9579582,-1.1908894,-6.601566
18436,-6.126509,1.2181019,-4.812768,-3.933122,-1.179243,-6.638392
18465,-6.120434,1.2022753,-4.830267,-3.8705442,-1.1775372,-6.7192225
18516,-6.115247,1.1871501,-4.847698,-3.8016238,-1.1722945,-6.793556
18538,-6.1094465,1.1723682,-4.8666754,-3.7621572,-1.1771985,-6.8090644
18564,-6.099875,1.1583402,-4.8882036,-3.8052213,-1.1763635,-6.77676
18604,-6.093442,1.1474478,-4.905404,-3.8840897,-1.183679,-6.7254944
18633,-6.0888443,1.1396507,-4.921457,-3.9427366,-1.1830709,-6.6950674
18667,-6.08599,1.132045,-4.9372244,-3.9730299,-1.180458,-6.7235994
18703,-6.0809503,1.1276336,-4.951271,-3.9902942,-1.1817862,-6.7290144
18733,-6.074059,1.1242739,-4.9639373,-4.026512,-1.1782453,-6.743747
18767,-6.0666237,1.1211104,-4.9780855,-4.095227,-1.1752946,-6.7272463
18797,-6.058513,1.1184585,-4.9896126,-4.093733,-1.1781985,-6.7605724
18836,-6.050262,1.1153637,-5.0009227,-4.0977664,-1.1756084,-6.777386
18867,-6.0417852,1.1098593,-5.014342,-4.0808353,-1.1741544,-6.810019
18901,-6.0324283,1.1044971,-5.0254054,-4.0480304,-1.1767927,-6.8775725
18935,-6.0215745,1.0974195,-5.036178,-4.0355253,-1.1766176,-6.9449654
18967,-6.009314,1.0865989,-5.0470934,-4.054884,-1.1655489,-6.953124
19002,-5.996496,1.0755055,-5.0579267,-4.0525074,-1.1680778,-6.9672174
19031,-5.983041,1.0623894,-5.06879,-4.0582647,-1.172168,-6.9830666
19066,-5.96903,1.0492516,-5.079739,-4.080657,-1.1668794,-6.99507
19103,-5.9553905,1.0343192,-5.0890737,-4.034194,-1.175189,-7.069065
19132,-5.941858,1.0193124,-5.0982428,-3.977272,-1.1668653,-7.170653
19168,-5.9284606,1.0045615,-5.1116138,-3.919309,-1.1613938,-7.181673
19199,-5.9149895,0.99188566,-5.12089,-3.9609797,-1.1534572,-7.109804
19236,-5.9020214,0.98186463,-5.1280107,-3.969972,-1.157228,-7.1332865
19268,-5.889664,0.97473246,-5.135926,-3.8896093,-1.1655967,-7.156395
19301,-5.8760276,0.96710694,-5.145174,-3.973642,-1.1758838,-6.9487333
19330,-5.863004,0.9618846,-5.153539,-4.094594,-1.1795778,-6.8387604
19367,-5.8522162,0.95830417,-5.163977,-4.075983,-1.178366,-6.858339
19399,-5.8425794,0.9572641,-5.172055,-4.037696,-1.182374,-6.8609595
19432,-5.8330617,0.95514953,-5.1815095,-4.0431027,-1.180774,-6.8767242
19479,-5.824688,0.9545457,-5.191078,-4.0102177,-1.1744473,-6.89561
19499,-5.8148465,0.9502375,-5.2002225,-3.9494634,-1.1696057,-6.9366016
19536,-5.803748,0.9427831,-5.2103333,-3.9524636,-1.1659148,-6.9352036
19568,-5.7941866,0.9357806,-5.2202315,-3.9465575,-1.1712842,-6.929254
19610,-5.7836027,0.9243756,-5.2320156,-3.9042242,-1.174238,-6.9149466
19635,-5.772282,0.91097635,-5.2443657,-3.8881068,-1.1727226,-6.9195232
19665,-5.760775,0.89704055,-5.2575245,-3.8926158,-1.173574,-6.916605
19699,-5.7491107,0.88104534,-5.271567,-3.894411,-1.1696883,-6.9101353
19735,-5.7375054,0.8652294,-5.286105,-3.881123,-1.177607,-6.9202104
19765,-5.7276387,0.852016,-5.2989163,-3.855526,-1.1779977,-6.959356
19800,-5.717063,0.84003633,-5.3143673,-3.825592,-1.1714717,-6.9709535
19831,-5.706817,0.8303028,-5.3293996,-3.8554611,-1.1775465,-6.9579883
19867,-5.698538,0.82375985,-5.3433504,-3.873456,-1.1742295,-6.971146
19900,-5.690589,0.8172433,-5.357187,-3.914754,-1.1692674,-6.949192
19934,-5.6833043,0.81140894,-5.3703322,-3.9055429,-1.1721196,-7.002527
19982,-5.6759667,0.80630296,-5.3831573,-3.917355,-1.1811495,-6.9811645
20007,-5.665946,0.79922855,-5.396799,-4.0260506,-1.1781168,-6.9106708
20031,-5.6571383,0.7941574,-5.408622,-4.106703,-1.1765313,-6.8990846
20068,-5.64847,0.7899546,-5.4195313,-4.1149473,-1.1820205,-6.95444
20098,-5.639684,0.7846859,-5.4306545,-4.0939035,-1.1755426,-6.9926896
20138,-5.62858,0.776786,-5.4424496,-4.0920033,-1.1770344,-6.999049
20168,-5.615042,0.7691908,-5.456146,-4.0802846,-1.1762581,-7.016018
20202,-5.601592,0.7597163,-5.466617,-4.0159965,-1.1817682,-7.074376
20234,-5.5863624,0.7488081,-5.476746,-4.001171,-1.1736374,-7.0892954
20267,-5.570116,0.7353239,-5.489008,-3.9955828,-1.1869149,-7.109576
20298,-5.5542874,0.7226473,-5.4971833,-3.949679,-1.1804279,-7.156749
20333,-5.5386376,0.7089347,-5.5047774,-3.931478,-1.1727656,-7.180112
20366,-5.5229034,0.6920757,-5.5137963,-3.9186494,-1.160878,-7.185994
20400,-5.506294,0.67726874,-5.521054,-3.8342397,-1.1558539,-7.2015705
20435,-5.4894347,0.66377145,-5.528029,-3.8264,-1.1629026,-7.1658797
20467,-5.4747496,0.6533343,-5.5331507,-3.8246293,-1.168582,-7.1379967
20503,-5.4597816,0.644754,-5.5397463,-3.8234582,-1.171443,-7.1074033
20532,-5.4449644,0.6381931,-5.5470624,-3.863643,-1.1759938,-7.060257
20595,-5.4322667,0.6356622,-5.5528135,-3.9494762,-1.1709313,-6.9708233
20610,-5.419615,0.6330896,-5.560629,-3.943839,-1.172456,-6.95408
20633,-5.4079986,0.6311096,-5.569039,-3.9471073,-1.1676354,-6.941533
20666,-5.39719,0.6290716,-5.5767026,-3.915949,-1.1723666,-6.9480643
20699,-5.38613,0.6251805,-5.5864053,-3.8970823,-1.1826911,-6.9435797
20737,-5.3753114,0.61987484,-5.596644,-3.8629112,-1.1878451,-6.935194
20771,-5.364995,0.612414,-5.607137,-3.8459396,-1.1829088,-6.9342804
20800,-5.354457,0.6046387,-5.617482,-3.8180542,-1.1788778,-6.9512715
20832,-5.344325,0.59579426,-5.6283245,-3.7500262,-1.1751063,-6.980101
20867,-5.329326,0.5817397,-5.643896,-3.7257862,-1.1747952,-6.9830604
20899,-5.3184767,0.56904113,-5.6571293,-3.7276726,-1.1768985,-6.987908
20933,-5.308839,0.5559643,-5.6713033,-3.7137842,-1.1652663,-6.9946184
20971,-5.29915,0.5399539,-5.687216,-3.6555443,-1.1636223,-7.0533185
21001,-5.289517,0.5272006,-5.702862,-3.6067863,-1.1629287,-7.133727
21032,-5.2789397,0.51549894,-5.718729,-3.611031,-1.1642148,-7.125648
21073,-5.2665854,0.50285417,-5.733846,-3.6257792,-1.1667075,-7.136946
21101,-5.256398,0.49391752,-5.7475376,-3.6374156,-1.1698183,-7.1363354
21137,-5.247407,0.48650625,-5.7603855,-3.7005804,-1.1717981,-7.129815
21180,-5.241342,0.4818527,-5.772213,-3.7072244,-1.175133,-7.147998
21209,-5.2326374,0.4760889,-5.7838254,-3.6965764,-1.168057,-7.1392736
21231,-5.222277,0.46980453,-5.795615,-3.7056973,-1.1697528,-7.1006336
21279,-5.211665,0.46533808,-5.8070445,-3.7392359,-1.1737038,-7.133567
21306,-5.199144,0.45845526,-5.8189874,-3.73454,-1.1738939,-7.146331
21333,-5.1861057,0.45036227,-5.8314686,-3.7525158,-1.1738017,-7.144741
21367,-5.174107,0.44193244,-5.845692,-3.7416077,-1.1707876,-7.1557493
21398,-5.1623845,0.43235597,-5.857891,-3.7117114,-1.1699436,-7.2067766
21436,-5.149897,0.42071795,-5.870207,-3.7001324,-1.1671548,-7.22657
21466,-5.1357565,0.40630177,-5.8847136,-3.6801972,-1.1740317,-7.248198
21507,-5.122043,0.3904296,-5.896495,-3.715128,-1.1622294,-7.2446527
21533,-5.1084228,0.37285691,-5.9079165,-3.6986203,-1.1673919,-7.271588
21564,-5.096034,0.35397255,-5.919884,-3.633514,-1.1888686,-7.294124
21601,-5.0825353,0.33487344,-5.931555,-3.5162477,-1.2488033,-7.428938
21632,-5.0678635,0.31698778,-5.9427366,-3.6597042,-1.1816981,-7.274192
21675,-5.050821,0.30144638,-5.9549117,-3.6829963,-1.172245,-7.212088
21711,-5.0375915,0.29055128,-5.96274,-3.6759977,-1.1735051,-7.219842
21730,-5.022882,0.28020135,-5.973515,-3.6553283,-1.1766424,-7.1720085
21765,-5.0076404,0.2709836,-5.989241,-3.7657433,-1.1716259,-7.0542245
21804,-4.9949927,0.26583093,-6.0011578,-3.7547312,-1.1722181,-7.045805
21837,-4.9840717,0.26255205,-6.013414,-3.720673,-1.1745596,-7.0318265
21870,-4.974164,0.25884488,-6.0258965,-3.7286434,-1.1692669,-7.025089
21899,-4.963291,0.25414056,-6.040121,-3.7088819,-1.1766994,-7.0245967
21931,-4.953194,0.2493443,-6.053417,-3.6347518,-1.1752851,-7.0957336
21966,-4.9404225,0.23865388,-6.068231,-3.5971165,-1.1675804,-7.121633
22000,-4.928715,0.22835842,-6.0826387,-3.577805,-1.165084,-7.126766
22030,-4.9170957,0.21615392,-6.097127,-3.5689225,-1.1635948,-7.123508
22071,-4.9008665,0.1975993,-6.113699,-3.5383444,-1.1595793,-7.1426435
22102,-4.8897324,0.182657,-6.1289124,-3.4784212,-1.1725972,-7.1889467
22133,-4.878966,0.1680236,-6.144958,-3.4354305,-1.1756036,-7.2136145
22168,-4.865113,0.15186413,-6.1630993,-3.4784303,-1.1728615,-7.1879296
22202,-4.8536286,0.13964659,-6.179375,-3.5655198,-1.1627848,-7.1425953
22235,-4.8448176,0.13099357,-6.1942067,-3.496334,-1.1641625,-7.227459
22269,-4.838339,0.12427998,-6.208209,-3.4811292,-1.170044,-7.2476544
22300,-4.8260717,0.11555237,-6.227235,-3.5436335,-1.1740267,-7.161584
22333,-4.8145285,0.11002208,-6.2433114,-3.6013777,-1.1797934,-7.14434
22370,-4.80342,0.10338551,-6.2585416,-3.5592675,-1.1797084,-7.180523
22400,-4.792644,0.09994784,-6.272889,-3.5330048,-1.175029,-7.200936
22433,-4.7795334,0.094555095,-6.28833,-3.5961647,-1.1723812,-7.155238
22470,-4.7653522,0.0900808,-6.301019,-3.5999079,-1.1722467,-7.1573224
22502,-4.7514014,0.086130366,-6.3139563,-3.5346208,-1.1741643,-7.2085447
22532,-4.7355046,0.08082342,-6.3269024,-3.5007315,-1.1622038,-7.246198
22571,-4.720932,0.07824094,-6.3375187,-3.5176573,-1.1478198,-7.2395425
22600,-4.702106,0.06974562,-6.350191,-3.4459004,-1.1411033,-7.3045897
22631,-4.6816354,0.05921121,-6.3628354,-3.392853,-1.1649631,-7.3451214
22677,-4.663208,0.04980581,-6.374473,-3.3761873,-1.1700872,-7.3539186
22705,-4.642454,0.03782796,-6.3868,-3.362399,-1.1498183,-7.3584595
22732,-4.621313,0.0255081,-6.3997393,-3.2945182,-1.1027131,-7.3814216
22768,-4.6034603,0.015966821,-6.4108725,-3.2436242,-1.119565,-7.374936
22800,-4.5815544,0.006932524,-6.4240985,-3.2757175,-1.1401732,-7.332203
22833,-4.561461,0.0016057435,-6.4354057,-3.2805805,-1.1061978,-7.3563356
22866,-4.544139,-0.002997187,-6.448268,-3.246862,-1.1534541,-7.3138857
22899,-4.524137,-0.005390241,-6.4620757,-3.2764716,-1.1617755,-7.2725472
22932,-4.5075874,-0.003925274,-6.474554,-3.274978,-1.160203,-7.267742
22966,-4.494351,-4.211925E-4,-6.484081,-3.2557845,-1.1604351,-7.2822776
22999,-4.478249,0.0018730881,-6.4976153,-3.244123,-1.1558715,-7.2844887
23032,-4.4614635,0.0032668058,-6.511203,-3.2095506,-1.1575494,-7.297695
23068,-4.4447207,0.0046396973,-6.522557,-3.1585588,-1.141798,-7.3070254
23102,-4.4263206,0.0036629783,-6.5359616,-3.1520457,-1.1329737,-7.3092146
23135,-4.4076533,0.0017005419,-6.549481,-3.1323037,-1.1193292,-7.304589
23168,-4.393697,0.0017044116,-6.5585866,-3.066408,-1.1441151,-7.310722
23204,-4.3739967,-0.0015936065,-6.5728555,-3.0360353,-1.1654956,-7.3137145
23233,-4.3543954,-0.0043044332,-6.5872526,-3.0260286,-1.1682788,-7.306982
23267,-4.337816,-0.0056922436,-6.6003947,-2.994858,-1.1733438,-7.3045735
23314,-4.319063,-0.005999353,-6.6153226,-2.9097333,-1.2086267,-7.3332906
23334,-4.30035,-0.005158659,-6.631418,-2.8667712,-1.2008967,-7.3398104
23370,-4.283248,-0.00362912,-6.6455126,-2.82963,-1.2097033,-7.329586
23398,-4.262771,-0.0019219313,-6.662097,-2.9078941,-1.1675718,-7.273117
23440,-4.244349,0.0014990671,-6.6773505,-2.8709207,-1.1741216,-7.2940407
23477,-4.2281575,0.0049295034,-6.6918454,-2.778364,-1.1922488,-7.330985
23498,-4.211036,0.0075169466,-6.706919,-2.7259836,-1.2047155,-7.348948
23536,-4.1930056,0.008948477,-6.721358,-2.7310648,-1.209857,-7.341433
23575,-4.175369,0.010499733,-6.7345366,-2.738735,-1.2029009,-7.3450246
23600,-4.1597147,0.012378268,-6.7469068,-2.6993723,-1.2051585,-7.370674
23633,-4.1438656,0.012963812,-6.7596693,-2.6308067,-1.2291821,-7.407138
23683,-4.1259003,0.012174762,-6.7735434,-2.6086247,-1.2345884,-7.418981
23707,-4.1070156,0.009480106,-6.7867255,-2.6049812,-1.2366155,-7.419117
23737,-4.0871496,0.0058141053,-6.7998533,-2.609807,-1.235641,-7.4155045
23766,-4.0690203,0.0036808494,-6.8123264,-2.616078,-1.2344257,-7.4204264
23799,-4.049334,2.6894175E-4,-6.8252435,-2.61346,-1.2297466,-7.4288864
23830,-4.0290713,-0.002902748,-6.8384595,-2.5850506,-1.2269388,-7.449446
23866,-4.0097218,-0.0040899385,-6.8508873,-2.5493336,-1.2216439,-7.478658
23902,-3.986605,-0.006333286,-6.8638525,-2.5300229,-1.2183776,-7.4940543
23930,-3.9625237,-0.00771892,-6.8760867,-2.4930806,-1.2215,-7.514224
23967,-3.9394321,-0.008165114,-6.8877716,-2.4574523,-1.2183697,-7.5412126
24007,-3.913748,-0.008200536,-6.9004335,-2.419554,-1.2218567,-7.556126
24034,-3.8867853,-0.007516796,-6.91394,-2.4652786,-1.2165539,-7.5335464
24065,-3.8607335,-0.0043086465,-6.9267335,-2.5110722,-1.2189337,-7.5212383
24098,-3.8374286,1.1976808E-6,-6.9398813,-2.4839838,-1.2250937,-7.5523577
24131,-3.816201,0.0040234365,-6.9536805,-2.406192,-1.2294042,-7.613847
24166,-3.795364,0.0053797513,-6.9690447,-2.3657298,-1.23848,-7.6293926
24202,-3.7745616,0.006262295,-6.984263,-2.3326936,-1.2386473,-7.632497
24235,-3.7542448,0.0073891105,-6.9982224,-2.3180344,-1.2391777,-7.624506
24262,-3.7342958,0.0096531,-7.010058,-2.3166957,-1.2438886,-7.6410117
24297,-3.7165391,0.011653616,-7.021625,-2.2810779,-1.2406256,-7.6734376
24331,-3.6987522,0.01205503,-7.034239,-2.2598138,-1.2413992,-7.6974897
24363,-3.6805542,0.012076058,-7.0486913,-2.2747002,-1.2415218,-7.7307715
24398,-3.662031,0.009944543,-7.0625343,-2.269884,-1.2425873,-7.731133
24430,-3.6431715,0.007194123,-7.0766993,-2.26031,-1.2405374,-7.744183
24467,-3.6225665,0.0050557945,-7.09152,-2.2608,-1.2393942,-7.7489476
24500,-3.6029906,0.0023127971,-7.1057606,-2.2198973,-1.2412909,-7.760281
24529,-3.5829055,-3.4777168E-4,-7.120444,-2.1690235,-1.2483177,-7.7717524
24564,-3.5623755,-0.0033886405,-7.135248,-2.1351428,-1.2437427,-7.77978
24603,-3.542676,-0.0045845145,-7.150511,-2.0819588,-1.2498704,-7.8082438
24629,-3.5225124,-0.0052092336,-7.167112,-2.0673873,-1.2497381,-7.817091
24665,-3.5015361,-0.004636637,-7.185444,-2.0990698,-1.2450619,-7.797151
24701,-3.4817877,-0.0027458444,-7.2019854,-2.1446295,-1.2407373,-7.778375
24730,-3.4651036,0.0015383605,-7.2177415,-2.1042092,-1.2481812,-7.815534
24765,-3.44914,0.005264366,-7.233576,-2.0421493,-1.2494994,-7.8394766
24800,-3.43229,0.007812325,-7.2484794,-1.987465,-1.248394,-7.866869
24836,-3.4145596,0.009502522,-7.261722,-1.968603,-1.2467979,-7.8697047
24878,-3.3944066,0.011520654,-7.2729545,-1.9604694,-1.2482896,-7.8732085
24911,-3.3769166,0.012680893,-7.2823915,-1.9575205,-1.250885,-7.8844004
24931,-3.3602548,0.013247891,-7.2917037,-1.9445813,-1.249713,-7.8874903
24973,-3.3423123,0.012068772,-7.3022733,-1.9331686,-1.2445306,-7.8947053
25008,-3.3249574,0.010184052,-7.3122196,-1.9265742,-1.2434919,-7.8948455
25036,-3.3064935,0.007492869,-7.321718,-1.9279163,-1.2437862,-7.895359
25073,-3.2862105,0.00445906,-7.332926,-1.9299489,-1.2447999,-7.9024067
25100,-3.2674787,0.0021965485,-7.3416557,-1.9141911,-1.2408017,-7.907549
25139,-3.2481189,-4.58695E-5,-7.3507686,-1.8930694,-1.2439808,-7.9396586
25168,-3.2279215,-0.0019553378,-7.3597145,-1.8568317,-1.2445314,-7.9653244