65,-4.5623856,-4.331482,-3.6405025,-3.6634297,-5.583469,-2.9356232
136,-4.560678,-4.3319154,-3.630061,-3.6419048,-5.587754,-2.965486
204,-4.524517,-4.3384037,-3.5232272,-3.485936,-5.565875,-3.1881962
232,-4.528932,-4.334635,-3.528817,-3.4118962,-5.6286664,-3.1866202
265,-4.525934,-4.334127,-3.5305932,-3.3983011,-5.618104,-3.2134225
298,-4.5226874,-4.3340235,-3.532692,-3.3821712,-5.616963,-3.2319398
336,-4.517215,-4.3329716,-3.537352,-3.38309,-5.6150265,-3.246711
366,-4.5138745,-4.333245,-3.5404615,-3.3711376,-5.612048,-3.2691774
399,-4.5105004,-4.333857,-3.5440981,-3.4095395,-5.570693,-3.3381286
435,-4.5064855,-4.333787,-3.5477889,-3.405281,-5.5767727,-3.3505247
466,-4.503658,-4.334504,-3.5515735,-3.3844852,-5.58609,-3.3558831
503,-4.500662,-4.335698,-3.555571,-3.3543308,-5.6071506,-3.3829138
533,-4.496428,-4.338444,-3.5602248,-3.3437188,-5.6195374,-3.4028323
569,-4.492701,-4.3401465,-3.563802,-3.3537977,-5.620597,-3.4256704
604,-4.488785,-4.3415985,-3.567407,-3.3558745,-5.6200156,-3.4466212
633,-4.484093,-4.3430576,-3.5720096,-3.306308,-5.6654053,-3.4532795
667,-4.479572,-4.3439417,-3.5758574,-3.2915678,-5.683055,-3.4668982
702,-4.4745116,-4.3447056,-3.579541,-3.313342,-5.669849,-3.4765782
735,-4.469525,-4.344857,-3.583943,-3.3158412,-5.6736283,-3.4793346
769,-4.4640193,-4.344846,-3.588027,-3.2890673,-5.6997705,-3.4870913
804,-4.458534,-4.344229,-3.5922039,-3.2838871,-5.70013,-3.4973083
836,-4.452814,-4.343056,-3.597,-3.2782197,-5.7016315,-3.5067902
869,-4.4464526,-4.342505,-3.6017838,-3.3293715,-5.646642,-3.5208955
900,-4.440082,-4.341974,-3.6065285,-3.310664,-5.653035,-3.5323336
937,-4.433285,-4.342796,-3.6102507,-3.2992284,-5.663106,-3.5534172
971,-4.425709,-4.343867,-3.614944,-3.3314557,-5.6351957,-3.572754
1004,-4.417846,-4.3452477,-3.6204135,-3.3306246,-5.638331,-3.573671
1037,-4.4112287,-4.34592,-3.62623,-3.343621,-5.624153,-3.589099
1070,-4.4044523,-4.3458776,-3.6324906,-3.3188741,-5.63826,-3.6122136
1107,-4.398147,-4.3454876,-3.6393461,-3.3011465,-5.6358547,-3.6284502
1136,-4.3934517,-4.34508,-3.646779,-3.2902179,-5.6381636,-3.640751
1172,-4.3882713,-4.344444,-3.6545668,-3.3122494,-5.6140375,-3.6732178
1201,-4.383174,-4.344025,-3.662099,-3.321857,-5.6022587,-3.6999736
1235,-4.378839,-4.342911,-3.6694694,-3.3335721,-5.587999,-3.7251167
1274,-4.374638,-4.342065,-3.6764863,-3.3240192,-5.588074,-3.754586
1301,-4.3703656,-4.341609,-3.6833365,-3.3146625,-5.5874915,-3.783108
1336,-4.36604,-4.342468,-3.6908157,-3.3086116,-5.5929537,-3.8113348
1370,-4.3613906,-4.3425436,-3.6974955,-3.307725,-5.5929313,-3.8258915
1400,-4.3571463,-4.3419323,-3.704418,-3.2954626,-5.598666,-3.847451
1435,-4.3537383,-4.339198,-3.7119284,-3.2765443,-5.6074595,-3.8785691
1483,-4.349672,-4.337055,-3.7189827,-3.2775931,-5.5887804,-3.9228127
1503,-4.344449,-4.3352337,-3.726008,-3.264112,-5.5837774,-3.9755602
1536,-4.3373384,-4.335705,-3.7341604,-3.2688365,-5.589331,-4.0177703
1569,-4.3291073,-4.3352413,-3.7416115,-3.278152,-5.5880036,-4.0483828
1603,-4.3204055,-4.334855,-3.7495656,-3.2841945,-5.5851555,-4.0948086
1638,-4.31242,-4.3355126,-3.7586815,-3.2803667,-5.584194,-4.135853
1671,-4.3034506,-4.3355274,-3.767227,-3.2785988,-5.583748,-4.180945
1706,-4.2941422,-4.3356853,-3.7755713,-3.2880783,-5.580835,-4.224637
1735,-4.2841854,-4.3358464,-3.7833939,-3.2963011,-5.580085,-4.2684865
1773,-4.2743783,-4.3361526,-3.7915828,-3.2963982,-5.5833454,-4.311311
1801,-4.264201,-4.335386,-3.7988908,-3.2852273,-5.5839305,-4.360077
1834,-4.253817,-4.3331575,-3.8056767,-3.2699144,-5.5829215,-4.4082828
1870,-4.242671,-4.330462,-3.8120878,-3.2553296,-5.578779,-4.455305
1902,-4.2312202,-4.326923,-3.818514,-3.2508063,-5.575904,-4.5178714
1933,-4.2198243,-4.32211,-3.8243542,-3.2496188,-5.5785847,-4.564456
1971,-4.20912,-4.317029,-3.829428,-3.2351856,-5.5758157,-4.6390142
2003,-4.1986833,-4.312301,-3.8341196,-3.2172074,-5.569783,-4.7051616
2034,-4.188228,-4.3064594,-3.83867,-3.2085333,-5.5659986,-4.75566
2070,-4.176259,-4.303757,-3.8436403,-3.2012556,-5.5673504,-4.7813444
2100,-4.164445,-4.300926,-3.8487391,-3.193272,-5.569539,-4.7981806
2135,-4.153002,-4.2976446,-3.852085,-3.1898303,-5.573034,-4.83853
2168,-4.141447,-4.294896,-3.856824,-3.1767018,-5.603858,-4.899305
2199,-4.131121,-4.2934837,-3.8634326,-3.174892,-5.6146216,-4.935918
2235,-4.1203012,-4.2948437,-3.8726885,-3.1862535,-5.6053467,-4.949191
2279,-4.1098824,-4.2955985,-3.881966,-3.1952782,-5.6005697,-4.966693
2302,-4.0992584,-4.296824,-3.8924675,-3.2034354,-5.5963154,-4.990862
2334,-4.0874434,-4.2973385,-3.9043832,-3.2159593,-5.58009,-5.001586
2372,-4.0759125,-4.299557,-3.9171731,-3.2210608,-5.579046,-5.002803
2403,-4.065244,-4.301633,-3.9304392,-3.2253544,-5.5748672,-5.0076623
2434,-4.0554094,-4.3022647,-3.9445093,-3.2264757,-5.5725765,-5.0352993
2471,-4.0456567,-4.3041754,-3.9593976,-3.2244043,-5.573437,-5.0625234
2502,-4.035913,-4.3062344,-3.9753566,-3.221048,-5.574218,-5.0882015
2541,-4.0268655,-4.3088164,-3.993002,-3.2141619,-5.5805597,-5.1421003
2566,-4.016272,-4.311843,-4.011637,-3.212296,-5.579761,-5.168928
2601,-4.0048923,-4.315477,-4.032316,-3.217206,-5.578895,-5.177668
2634,-3.993078,-4.318815,-4.054411,-3.2158556,-5.5772195,-5.1922603
2668,-3.981641,-4.320476,-4.07739,-3.2099986,-5.5781026,-5.2227993
2700,-3.9696062,-4.3210325,-4.10224,-3.21297,-5.578739,-5.24187
2731,-3.9583404,-4.32073,-4.129613,-3.2278652,-5.575101,-5.248587
2774,-3.9470997,-4.3176756,-4.155559,-3.2250798,-5.5750623,-5.288204
2801,-3.935768,-4.313732,-4.180996,-3.212266,-5.5804443,-5.356346
2834,-3.9247773,-4.3090515,-4.20589,-3.2169244,-5.5762787,-5.4147367
2866,-3.9131277,-4.305034,-4.2304416,-3.199017,-5.583642,-5.473565
2900,-3.9010441,-4.3021207,-4.255089,-3.1791677,-5.5861955,-5.517297
2937,-3.8898032,-4.300085,-4.279539,-3.1801853,-5.5802526,-5.5174327
2967,-3.8802369,-4.2970634,-4.301479,-3.1807342,-5.5778365,-5.551781
2998,-3.8710523,-4.294063,-4.322492,-3.1908183,-5.5763717,-5.6053705
3036,-3.8597403,-4.292455,-4.3456416,-3.1954024,-5.5798483,-5.6498165
3073,-3.8488765,-4.291935,-4.367673,-3.1988065,-5.5724926,-5.667672
3100,-3.8372447,-4.292973,-4.3904366,-3.196646,-5.571881,-5.6875205
3136,-3.8245933,-4.2963014,-4.4138684,-3.2051468,-5.5720387,-5.6885133
3167,-3.813019,-4.2993965,-4.437331,-3.2074466,-5.5723476,-5.6925926
3200,-3.8016598,-4.302287,-4.460457,-3.2043896,-5.573882,-5.7207975
3235,-3.7884972,-4.305131,-4.4845576,-3.2024717,-5.5741096,-5.7444158
3271,-3.7761438,-4.307443,-4.5082884,-3.2061198,-5.573944,-5.769629
3302,-3.7637243,-4.30916,-4.532473,-3.194458,-5.5705805,-5.8174706
3333,-3.749946,-4.3118067,-4.557262,-3.1839268,-5.571459,-5.869927
3369,-3.735817,-4.312986,-4.58227,-3.1782804,-5.571541,-5.912401
3402,-3.721428,-4.313593,-4.6073985,-3.1873808,-5.5732393,-5.967903
3439,-3.7070594,-4.3118653,-4.6335993,-3.192787,-5.5723233,-5.9827814
3478,-3.693577,-4.310386,-4.6609144,-3.1836982,-5.5708165,-5.985577
3505,-3.6800427,-4.305691,-4.6861053,-3.169259,-5.5713964,-6.0200734
3539,-3.6649153,-4.2980604,-4.709897,-3.1732423,-5.5669994,-6.0817375
3571,-3.65206,-4.2926173,-4.733083,-3.2090206,-5.4764028,-6.0604153
3605,-3.6400566,-4.288681,-4.7570724,-3.2156417,-5.3695946,-5.9938574
3636,-3.627446,-4.2858486,-4.783576,-3.208426,-5.337701,-5.9710755
3680,-3.6145346,-4.2836146,-4.8065705,-3.1235797,-5.5030584,-6.188834
3699,-3.6023004,-4.2819395,-4.8286624,-3.1507635,-5.421089,-6.1280847
3737,-3.590737,-4.281633,-4.8515515,-3.1026049,-5.499759,-6.2501945
3770,-3.5806131,-4.282229,-4.873631,-3.069541,-5.5384007,-6.3453712
3799,-3.5701487,-4.2843113,-4.896298,-3.0579097,-5.53359,-6.3552165
3838,-3.5586092,-4.286764,-4.9210696,-3.052529,-5.5313582,-6.3583665
3872,-3.5478086,-4.290234,-4.9445148,-3.04388,-5.5418687,-6.3809566
3905,-3.536834,-4.2942944,-4.9686365,-3.0363505,-5.53988,-6.3800464
3936,-3.5260053,-4.299892,-4.995105,-3.0341349,-5.5366592,-6.387192
3973,-3.5156777,-4.305287,-5.021511,-3.0198455,-5.542601,-6.4019284
4001,-3.5055032,-4.3107867,-5.0491443,-3.015192,-5.5429373,-6.407112
4042,-3.4953597,-4.3144956,-5.0764337,-3.0003426,-5.535135,-6.41836
4066,-3.4852579,-4.317415,-5.104666,-2.9855266,-5.5305653,-6.4385443
4103,-3.475139,-4.3189535,-5.1338725,-2.9630685,-5.5397997,-6.4705343
4134,-3.465325,-4.3182993,-5.162413,-2.9310787,-5.556947,-6.512029
4172,-3.4552398,-4.316463,-5.1931024,-2.9253354,-5.5615115,-6.527237
4205,-3.445042,-4.3127856,-5.223481,-2.9177809,-5.5659657,-6.5639563
4236,-3.4331145,-4.3090596,-5.255553,-2.899226,-5.5653996,-6.606931
4272,-3.4224122,-4.303655,-5.2840466,-2.8745291,-5.559244,-6.685448
4302,-3.4117339,-4.2992883,-5.3125086,-2.8678713,-5.534185,-6.720274
4339,-3.4004426,-4.2967644,-5.341692,-2.8433547,-5.5264363,-6.7137585
4371,-3.3898714,-4.2934127,-5.3662,-2.8124485,-5.531153,-6.699047
4410,-3.3790681,-4.290366,-5.390807,-2.8110232,-5.516417,-6.703356
4433,-3.3688989,-4.28884,-5.412267,-2.8162315,-5.4592385,-6.726391
4470,-3.3572097,-4.288768,-5.4370637,-2.8075898,-5.459226,-6.7409105
4505,-3.3444169,-4.290435,-5.4625955,-2.7886808,-5.457766,-6.766677
4539,-3.332728,-4.292282,-5.482977,-2.7983642,-5.417574,-6.7294683
4570,-3.31818,-4.296396,-5.5093627,-2.793559,-5.4141235,-6.721384
4603,-3.3042018,-4.3006597,-5.535419,-2.8005967,-5.4081225,-6.728674
4637,-3.2914884,-4.30459,-5.5579295,-2.7877579,-5.4073257,-6.76972
4669,-3.2772338,-4.3086414,-5.5843763,-2.7748384,-5.401636,-6.8032436
4704,-3.2618203,-4.3122973,-5.6112466,-2.7375174,-5.431423,-6.8813043
4740,-3.2454116,-4.314683,-5.6373515,-2.724757,-5.4357624,-6.9099574
4781,-3.2285073,-4.3162117,-5.6644363,-2.7410548,-5.401039,-6.8988185
4802,-3.2117395,-4.316638,-5.693456,-2.7390244,-5.3768415,-6.892433
4834,-3.1947985,-4.313612,-5.722126,-2.7162964,-5.3718143,-6.8743067
4870,-3.1770086,-4.30809,-5.748902,-2.711701,-5.3137255,-6.8593082
4904,-3.160518,-4.301642,-5.773994,-2.7496915,-5.2420807,-6.86078
4938,-3.1443303,-4.296489,-5.8033104,-2.7188592,-5.2094407,-6.8903637
4974,-3.130123,-4.292884,-5.8308663,-2.646867,-5.2328563,-6.974743
5001,-3.1149635,-4.289911,-5.8579316,-2.6251986,-5.2321973,-6.96737
5036,-3.0960002,-4.2884774,-5.88864,-2.6261177,-5.229762,-6.9714327
5069,-3.0821667,-4.286758,-5.913207,-2.6443272,-5.2324457,-7.0125685
5106,-3.070739,-4.2870045,-5.9385357,-2.6500452,-5.2266736,-7.0378056
5137,-3.0603888,-4.2879996,-5.96393,-2.6223578,-5.2461886,-7.0942707
5171,-3.04984,-4.2916837,-5.9886017,-2.6214633,-5.223318,-7.0911064
5203,-3.0368848,-4.296824,-6.0178337,-2.6110866,-5.231026,-7.0943995
5233,-3.022805,-4.301195,-6.0488796,-2.6027358,-5.229567,-7.1124005
5269,-3.0106595,-4.305693,-6.078495,-2.595338,-5.229354,-7.1272497
5299,-2.9990878,-4.309806,-6.1084895,-2.596303,-5.2087193,-7.128474
5333,-2.98976,-4.3144865,-6.138162,-2.5956497,-5.171305,-7.122203
5368,-2.9779959,-4.3178415,-6.169464,-2.5929775,-5.1416764,-7.1186886
5399,-2.9653876,-4.320533,-6.2021813,-2.586713,-5.1202755,-7.1215973
5436,-2.9508662,-4.3201456,-6.238577,-2.568299,-5.1112065,-7.109505
5472,-2.9388835,-4.318427,-6.2710357,-2.553535,-5.0989976,-7.099926
5503,-2.9279256,-4.3137345,-6.3003154,-2.5672,-5.0700693,-7.106089
5546,-2.916906,-4.3088965,-6.3289466,-2.5342445,-5.0840044,-7.2057076
5571,-2.9056804,-4.3045907,-6.3575854,-2.5048182,-5.079218,-7.2302494
5603,-2.8930883,-4.300517,-6.3856544,-2.4951396,-5.0744867,-7.228809
5638,-2.8792393,-4.295711,-6.4132223,-2.4927337,-5.06567,-7.245753
5669,-2.8678257,-4.2907662,-6.438197,-2.4806108,-5.0690875,-7.2998195
5701,-2.8563123,-4.2878146,-6.4642735,-2.4726424,-5.068597,-7.323363
5734,-2.8442702,-4.2868457,-6.4929953,-2.4637349,-5.0682087,-7.35049
5768,-2.8338006,-4.286663,-6.5203094,-2.4517581,-5.067203,-7.3790812
5805,-2.8228614,-4.28742,-6.5479918,-2.445994,-5.0640197,-7.398852
5833,-2.8094432,-4.289322,-6.579811,-2.4487514,-5.0577602,-7.4131117
5869,-2.7976508,-4.290466,-6.6073837,-2.446363,-5.045814,-7.4343705
5903,-2.7856522,-4.2915573,-6.6347136,-2.4513435,-5.0168023,-7.436843
5937,-2.7746534,-4.2925434,-6.658576,-2.4579334,-4.993794,-7.439734
5971,-2.7624702,-4.291702,-6.6857905,-2.4724593,-4.9439,-7.422646
6001,-2.7504044,-4.2882056,-6.713369,-2.4738455,-4.9036765,-7.423505
6036,-2.7378032,-4.282095,-6.741254,-2.4588876,-4.896322,-7.4729986
6070,-2.7239654,-4.274118,-6.7703176,-2.4492016,-4.8903937,-7.5160527
6102,-2.709811,-4.2642846,-6.7998877,-2.4378018,-4.8893433,-7.528847
6134,-2.6941874,-4.252916,-6.8313346,-2.4207547,-4.887417,-7.555131
6169,-2.6808083,-4.2394285,-6.8554635,-2.4142272,-4.8863015,-7.5939074
6199,-2.6682572,-4.2259693,-6.878063,-2.3991363,-4.886377,-7.6286125
6233,-2.658246,-4.2120667,-6.8957796,-2.3734157,-4.8855762,-7.6651297
6273,-2.6469023,-4.1988053,-6.9150968,-2.3595877,-4.877576,-7.680462
6302,-2.6348858,-4.186766,-6.933565,-2.3510518,-4.8622837,-7.6882687
6334,-2.629361,-4.1757207,-6.938838,-2.3418965,-4.8581104,-7.7002606
6371,-2.6196902,-4.166937,-6.9560723,-2.3466651,-4.821283,-7.680697
6401,-2.6103964,-4.1605287,-6.9733534,-2.3468971,-4.8036394,-7.6812577
6436,-2.6020188,-4.153638,-6.988551,-2.346627,-4.789188,-7.679988
6469,-2.593731,-4.151127,-7.00635,-2.3510072,-4.7565722,-7.659986
6501,-2.5858333,-4.1497827,-7.0239277,-2.350646,-4.7390404,-7.657471
6536,-2.5779126,-4.1479855,-7.0421257,-2.3486779,-4.7298937,-7.654784
6575,-2.5702207,-4.147268,-7.060075,-2.3511195,-4.696024,-7.643234
6601,-2.56276,-4.1452236,-7.078049,-2.3343773,-4.707059,-7.6800594
6638,-2.555857,-4.1417694,-7.096222,-2.3281713,-4.693923,-7.6876316
6673,-2.5481439,-4.135579,-7.11506,-2.3098135,-4.692715,-7.719452
6711,-2.53905,-4.127825,-7.1354666,-2.2964206,-4.6929436,-7.7412014
6741,-2.528994,-4.117439,-7.1590166,-2.2762475,-4.6916065,-7.7415886
6769,-2.5208082,-4.102098,-7.1780705,-2.2519486,-4.6920342,-7.7561445
6801,-2.5132196,-4.083736,-7.1935177,-2.2398984,-4.6921396,-7.7884707
6835,-2.507658,-4.064824,-7.2072268,-2.2179217,-4.6958084,-7.836547
6869,-2.5023813,-4.046596,-7.2208514,-2.1937785,-4.6892147,-7.872535
6901,-2.4964933,-4.0295978,-7.2337546,-2.1859252,-4.6683307,-7.884083
6935,-2.489816,-4.01388,-7.247266,-2.1847887,-4.636719,-7.880728
6974,-2.4837334,-3.9997838,-7.2599277,-2.185227,-4.605257,-7.878854
7004,-2.4778416,-3.9877436,-7.2734303,-2.1833365,-4.578802,-7.878132
7044,-2.4714088,-3.976923,-7.2864847,-2.1827533,-4.5471187,-7.874674
7069,-2.4655669,-3.9686327,-7.300431,-2.1811562,-4.5251255,-7.8794746
7104,-2.4600182,-3.9624133,-7.3148847,-2.1731982,-4.514467,-7.897066
7137,-2.4541886,-3.9577932,-7.3309674,-2.158911,-4.514637,-7.9298205
7174,-2.4481115,-3.95469,-7.3461647,-2.1454272,-4.51421,-7.9572706
7202,-2.4413524,-3.9526474,-7.3617997,-2.1339664,-4.513411,-7.978097
7233,-2.4326239,-3.9500968,-7.3792405,-2.1276565,-4.514439,-7.9954324
7271,-2.4246337,-3.9457748,-7.3939385,-2.1208668,-4.513733,-8.023256
7302,-2.4165263,-3.939843,-7.4091077,-2.1133993,-4.5120726,-8.051526
7336,-2.4083035,-3.9326549,-7.4263215,-2.096521,-4.5157723,-8.06422
7379,-2.3999548,-3.9213274,-7.442177,-2.0894797,-4.5161924,-8.063974
7403,-2.3923335,-3.9059892,-7.455511,-2.0984197,-4.5145884,-8.103394
7436,-2.3861108,-3.890573,-7.46971,-2.0991247,-4.5117087,-8.142217
7470,-2.3804286,-3.875581,-7.4848228,-2.0861197,-4.5079775,-8.1622
7499,-2.3751564,-3.8603399,-7.498617,-2.086331,-4.4923315,-8.174669
7535,-2.3679426,-3.8445795,-7.5130014,-2.0958452,-4.452992,-8.172716
7570,-2.362764,-3.8312857,-7.525938,-2.0998237,-4.428025,-8.17411
7602,-2.358124,-3.8205016,-7.5395503,-2.106118,-4.410948,-8.177623
7638,-2.3542519,-3.8116722,-7.5539536,-2.1114907,-4.3920083,-8.177454
7670,-2.3511937,-3.8056965,-7.5687156,-2.1150837,-4.374494,-8.180146
7699,-2.3476796,-3.8021998,-7.5840306,-2.1179276,-4.3653393,-8.181145
7735,-2.3439853,-3.7986386,-7.600047,-2.121939,-4.35912,-8.182398
7770,-2.340588,-3.7966316,-7.6147847,-2.1322966,-4.336149,-8.179754
7802,-2.3369277,-3.7952204,-7.630257,-2.1337016,-4.321503,-8.1864395
7837,-2.3345387,-3.7923944,-7.6473336,-2.1215963,-4.3258495,-8.217679
7876,-2.3316064,-3.7884789,-7.662731,-2.1132185,-4.3390803,-8.2604475
7899,-2.3276856,-3.783515,-7.679282,-2.106601,-4.3401814,-8.275417
7940,-2.324025,-3.776038,-7.696421,-2.1022837,-4.3417125,-8.292568
7969,-2.3203008,-3.7662587,-7.7140336,-2.0908911,-4.340987,-8.312377
8000,-2.3161094,-3.753694,-7.7306056,-2.0663276,-4.340155,-8.314551
8036,-2.3118446,-3.7375858,-7.7450833,-2.0575984,-4.3442755,-8.33359
8071,-2.308431,-3.7206175,-7.757159,-2.0600479,-4.342327,-8.361165
8101,-2.3056486,-3.7034993,-7.769288,-2.0354786,-4.340126,-8.39054
8138,-2.3019037,-3.6864655,-7.780939,-2.0139172,-4.337547,-8.417781
8170,-2.296779,-3.6700203,-7.79079,-1.9996593,-4.3374248,-8.445179
8200,-2.2915423,-3.655026,-7.802628,-1.9894946,-4.3261576,-8.458601
8233,-2.286458,-3.6423793,-7.814706,-1.98605,-4.299478,-8.459075
8267,-2.2812896,-3.631542,-7.8272424,-1.9857032,-4.271244,-8.454315
8300,-2.2763748,-3.6227155,-7.839868,-1.985757,-4.242414,-8.451721
8332,-2.272524,-3.6156082,-7.8509088,-1.9910579,-4.208395,-8.447152
8367,-2.2680938,-3.611021,-7.864106,-1.9960697,-4.179854,-8.437931
8399,-2.263226,-3.6079803,-7.8779063,-1.9894265,-4.1700854,-8.453178
8434,-2.2594714,-3.6057677,-7.8886576,-1.982208,-4.1677957,-8.47316
8477,-2.2532837,-3.6023073,-7.902779,-1.9717015,-4.163055,-8.492041
8502,-2.2463474,-3.5967202,-7.916408,-1.9593576,-4.162782,-8.515829
8538,-2.238038,-3.5877635,-7.9297066,-1.951389,-4.1603885,-8.563614
8570,-2.2290986,-3.5767725,-7.9442687,-1.936019,-4.159905,-8.591101
8599,-2.219786,-3.5633702,-7.9592648,-1.9116496,-4.159989,-8.580483
8637,-2.2114987,-3.5471532,-7.970907,-1.9123456,-4.158553,-8.6131935
8668,-2.2052026,-3.528041,-7.981129,-1.9042138,-4.160337,-8.670195
8700,-2.2002847,-3.5102506,-7.992676,-1.8833479,-4.1567535,-8.704905
8736,-2.1963549,-3.4946074,-8.00101,-1.8770223,-4.1421742,-8.723214
8771,-2.192859,-3.4785264,-8.010731,-1.8836488,-4.1078796,-8.724011
8803,-2.189727,-3.4641929,-8.020507,-1.8890824,-4.081952,-8.723945
8833,-2.1884184,-3.450937,-8.028431,-1.8997445,-4.0562987,-8.728646
8869,-2.1869261,-3.4399936,-8.0384,-1.9158825,-4.018153,-8.7149515
8900,-2.184826,-3.431456,-8.049324,-1.9190733,-3.9980497,-8.723106
8941,-2.1844103,-3.4252079,-8.055659,-1.9236715,-3.9782069,-8.730094
8967,-2.1815255,-3.4207153,-8.067731,-1.9233887,-3.9806173,-8.7416315
9000,-2.1789832,-3.417679,-8.080069,-1.9151235,-3.9793935,-8.768479
9038,-2.176399,-3.4160664,-8.093127,-1.9040983,-3.9780025,-8.796042
9072,-2.1730318,-3.4148164,-8.106887,-1.8914346,-3.9783416,-8.804811
9102,-2.1697588,-3.4123557,-8.120889,-1.8791255,-3.9764702,-8.826466
9135,-2.166191,-3.4090154,-8.134172,-1.8717694,-3.9728649,-8.852922
9172,-2.161993,-3.403062,-8.149503,-1.8628012,-3.9713645,-8.87878
9204,-2.158374,-3.3947165,-8.165328,-1.8471556,-3.97149,-8.9237175
9235,-2.154862,-3.383668,-8.182457,-1.82919,-3.971013,-8.970453
9269,-2.1496544,-3.3716567,-8.2013035,-1.8096945,-3.971973,-8.982618
9306,-2.1424537,-3.357458,-8.2198715,-1.7936352,-3.969502,-8.964437
9338,-2.1348336,-3.343632,-8.2359,-1.7968212,-3.960791,-8.957711
9372,-2.1278732,-3.3268006,-8.249113,-1.798295,-3.9622695,-8.980277
9406,-2.1232657,-3.3110485,-8.262055,-1.777304,-3.948563,-8.981832
9433,-2.1192741,-3.2993999,-8.275599,-1.7539508,-3.919959,-8.968186
9470,-2.1152596,-3.286225,-8.28752,-1.7485148,-3.8904233,-8.95517
9505,-2.1098483,-3.2743177,-8.299231,-1.7482557,-3.8778276,-8.954478
9535,-2.1039605,-3.263011,-8.311078,-1.7451406,-3.8655248,-8.953941
9574,-2.098661,-3.254101,-8.323267,-1.7470874,-3.838883,-8.945968
9600,-2.092731,-3.2477796,-8.335907,-1.7496109,-3.8206081,-8.944798
9632,-2.086884,-3.2433286,-8.34805,-1.743314,-3.8072267,-8.944051
9674,-2.079607,-3.241792,-8.362104,-1.738066,-3.8049288,-8.953271
9697,-2.072874,-3.2414424,-8.376624,-1.7341269,-3.80162,-8.962323
9734,-2.067892,-3.2410586,-8.388968,-1.7209301,-3.8018713,-8.980793
9775,-2.0619547,-3.2396507,-8.403765,-1.7118174,-3.8024595,-9.000663
9807,-2.0547795,-3.2358048,-8.418124,-1.7002287,-3.8018093,-9.0252285
9840,-2.0468862,-3.2307546,-8.432706,-1.6929451,-3.7987523,-9.060522
9869,-2.0376675,-3.221722,-8.448316,-1.6858294,-3.7961125,-9.096368
9902,-2.0271337,-3.2108362,-8.46576,-1.6776718,-3.7955909,-9.099899
9936,-2.016254,-3.1963904,-8.48249,-1.677873,-3.7933943,-9.107197
9972,-2.0073316,-3.1784422,-8.496369,-1.67749,-3.7929053,-9.157769
10003,-1.9995267,-3.160522,-8.510318,-1.6605189,-3.7912185,-9.205513
10037,-1.9927678,-3.1446245,-8.522794,-1.6500973,-3.777784,-9.226383
10073,-1.985784,-3.1297796,-8.536795,-1.6494849,-3.753045,-9.229919
10103,-1.97978,-3.116622,-8.55058,-1.6451085,-3.7335057,-9.2285595
10137,-1.9754676,-3.1042879,-8.563483,-1.6428658,-3.7131073,-9.2278385
10168,-1.9715327,-3.0917325,-8.577612,-1.6576144,-3.667271,-9.222911
10207,-1.9698778,-3.082617,-8.590058,-1.667516,-3.647263,-9.22253
10236,-1.967244,-3.075755,-8.602918,-1.6681378,-3.6288395,-9.235804
10282,-1.9645617,-3.0721297,-8.616631,-1.6666641,-3.617529,-9.244639
10299,-1.9613693,-3.0703697,-8.630674,-1.664367,-3.6174064,-9.261049
10335,-1.9568504,-3.0695186,-8.646834,-1.6600121,-3.6155078,-9.278767
10378,-1.9535402,-3.0697277,-8.662367,-1.6620169,-3.6156394,-9.2906065
10400,-1.950467,-3.0692065,-8.678885,-1.6552122,-3.6158564,-9.303508
10435,-1.9468405,-3.066492,-8.695996,-1.645815,-3.6171846,-9.31775
10476,-1.9423752,-3.0616643,-8.7145605,-1.6288463,-3.6164975,-9.3386345
10500,-1.9384282,-3.052879,-8.733443,-1.5995162,-3.6169891,-9.375897
10535,-1.9347445,-3.039795,-8.751955,-1.5749041,-3.6144433,-9.401685
10570,-1.9283452,-3.02404,-8.769937,-1.5472822,-3.6154928,-9.414691
10603,-1.9221205,-3.005344,-8.784736,-1.533241,-3.6105452,-9.438858
10638,-1.9177147,-2.9846249,-8.799225,-1.5215504,-3.5914283,-9.457088
10671,-1.9152273,-2.965542,-8.811902,-1.491359,-3.579984,-9.479341
10704,-1.9128107,-2.9471316,-8.823599,-1.4870465,-3.544127,-9.475609
10735,-1.908817,-2.9305139,-8.835078,-1.4905831,-3.5205774,-9.476778
10772,-1.9057082,-2.9152982,-8.846303,-1.4932771,-3.5016174,-9.47811
10802,-1.9030769,-2.9021907,-8.857906,-1.5002521,-3.476527,-9.479668
10836,-1.9005473,-2.8921092,-8.869718,-1.5078614,-3.4571013,-9.481167
10882,-1.8970872,-2.8848817,-8.882818,-1.5141559,-3.445316,-9.485488
10905,-1.8937554,-2.8801978,-8.896436,-1.506318,-3.4401503,-9.510117
10936,-1.8904285,-2.8773482,-8.910894,-1.490583,-3.4397335,-9.536183
10973,-1.8874367,-2.8763657,-8.924789,-1.4854119,-3.4387999,-9.552841
11004,-1.8836752,-2.8765473,-8.938507,-1.4840547,-3.4383063,-9.559998
11036,-1.8789961,-2.8755748,-8.952446,-1.4851347,-3.4395947,-9.568018
11068,-1.8745524,-2.8753169,-8.965937,-1.4869517,-3.4391363,-9.583438
11099,-1.8695363,-2.8737454,-8.979844,-1.4830637,-3.4394593,-9.60552
11136,-1.8637534,-2.8701663,-8.994581,-1.4836005,-3.439322,-9.626891
11169,-1.856765,-2.864191,-9.009765,-1.4764394,-3.4448433,-9.656156
11201,-1.8492713,-2.8556073,-9.025888,-1.4703664,-3.440978,-9.660026
11234,-1.8413821,-2.8438165,-9.041522,-1.4716661,-3.4385226,-9.672075
11267,-1.8342814,-2.8281462,-9.055043,-1.4642905,-3.4305658,-9.705117
11299,-1.8271841,-2.8117123,-9.068209,-1.4457523,-3.4343479,-9.743921
11335,-1.8206956,-2.7952852,-9.081211,-1.4357791,-3.4297547,-9.764974
11371,-1.8155512,-2.7800329,-9.093777,-1.4314475,-3.4121816,-9.772931
11402,-1.8112909,-2.765525,-9.105534,-1.3966762,-3.429116,-9.834673
11434,-1.8064579,-2.752195,-9.115624,-1.3887959,-3.4362364,-9.861227
11472,-1.8026521,-2.7408128,-9.127087,-1.3942509,-3.4269364,-9.866276
11500,-1.7989515,-2.7315896,-9.138718,-1.3857414,-3.4311094,-9.890257
11533,-1.7946712,-2.7261736,-9.152937,-1.4011664,-3.4169447,-9.885026
11565,-1.7922198,-2.7220442,-9.166131,-1.4012825,-3.403644,-9.89404
11601,-1.7897997,-2.720583,-9.180535,-1.3961444,-3.4110734,-9.920234
11632,-1.7875282,-2.7201798,-9.195266,-1.3906676,-3.4222875,-9.939459
11667,-1.7848489,-2.7207758,-9.211374,-1.3993518,-3.4099684,-9.9376335
11700,-1.7821722,-2.7204688,-9.228348,-1.4013495,-3.4051135,-9.9417715
11733,-1.7799367,-2.717964,-9.244982,-1.3897241,-3.4165041,-9.979896
11767,-1.7778709,-2.7122037,-9.262204,-1.3914759,-3.3878174,-9.993891
11802,-1.7756608,-2.7038856,-9.280387,-1.3747308,-3.392169,-10.026586
11837,-1.7733318,-2.692123,-9.299847,-1.343221,-3.4007316,-10.07032
11865,-1.7696016,-2.6791222,-9.320056,-1.3057256,-3.4412167,-10.127643
11903,-1.7649341,-2.6634872,-9.338619,-1.2980652,-3.4416182,-10.126664
11935,-1.760027,-2.6461165,-9.353948,-1.30159,-3.4407747,-10.154657
11974,-1.7564528,-2.6287732,-9.368803,-1.2810106,-3.4496167,-10.194409
11999,-1.7545867,-2.6120584,-9.383048,-1.2490656,-3.4454765,-10.2191725
12034,-1.7524637,-2.5956907,-9.396482,-1.2427355,-3.4439297,-10.230755
12068,-1.7486304,-2.5807467,-9.408829,-1.2434447,-3.437305,-10.233361
12100,-1.7443929,-2.5667565,-9.420433,-1.235234,-3.4337637,-10.25081
12132,-1.7396346,-2.5544026,-9.430554,-1.2185019,-3.4321756,-10.277577
12167,-1.734038,-2.5453484,-9.442818,-1.1998616,-3.4326596,-10.294586
12202,-1.7279456,-2.539128,-9.455321,-1.1798575,-3.4307947,-10.312653
12236,-1.7214756,-2.535743,-9.465887,-1.1554661,-3.428102,-10.334182
12264,-1.7144676,-2.534038,-9.479204,-1.1376545,-3.4262996,-10.340865
12300,-1.706988,-2.5337796,-9.49326,-1.1220902,-3.4259932,-10.349395
12333,-1.699304,-2.5339854,-9.508131,-1.1165029,-3.4031558,-10.333915
12365,-1.6910888,-2.5335913,-9.523275,-1.0963967,-3.4167008,-10.351191
12403,-1.6824387,-2.5306256,-9.537532,-1.0854707,-3.4082499,-10.3569355
12435,-1.6737345,-2.5279427,-9.550375,-1.1218115,-3.30885,-10.3211355
12471,-1.6631045,-2.5200868,-9.564615,-1.1324539,-3.2745936,-10.307173
12501,-1.6514052,-2.5092728,-9.579951,-1.1232884,-3.267296,-10.300464
12534,-1.6398201,-2.4939418,-9.593666,-1.1209171,-3.2664347,-10.307102
12570,-1.6284027,-2.4752514,-9.606041,-1.1091712,-3.2833455,-10.357888
12600,-1.6180499,-2.4565341,-9.619189,-1.0329312,-3.3584476,-10.484768
12634,-1.6088288,-2.4397986,-9.631951,-0.9881056,-3.3850617,-10.546289
12669,-1.6000344,-2.424314,-9.645001,-0.9670749,-3.3940592,-10.5885315
12701,-1.591772,-2.4112556,-9.658404,-0.9768676,-3.3508792,-10.56183
12733,-1.5839596,-2.3994994,-9.671424,-0.97964996,-3.3130016,-10.540385
12767,-1.5770947,-2.3898144,-9.683955,-0.9599534,-3.3184319,-10.570302
12803,-1.5697175,-2.3826091,-9.697005,-0.96637666,-3.2844567,-10.540384
12833,-1.5611029,-2.376234,-9.710263,-0.9659138,-3.2684429,-10.533771
12868,-1.5540864,-2.3708904,-9.722847,-0.9152551,-3.316348,-10.604096
12904,-1.5468051,-2.366511,-9.735788,-0.90986055,-3.2933285,-10.603077
12934,-1.5396305,-2.3619351,-9.748324,-0.9063286,-3.2662888,-10.604148
12968,-1.5316445,-2.3597088,-9.762792,-0.8424336,-3.3582404,-10.716904
13001,-1.5236113,-2.3583784,-9.77863,-0.8218972,-3.3583908,-10.745895
13034,-1.5171994,-2.356597,-9.79397,-0.80093807,-3.3607388,-10.771303
13072,-1.5084358,-2.3557217,-9.811729,-0.8004581,-3.3422441,-10.763836
13100,-1.4995366,-2.3538496,-9.830475,-0.8205054,-3.2955227,-10.718596
13133,-1.4910468,-2.3512104,-9.849384,-0.7368929,-3.3488214,-10.804447
13172,-1.4815686,-2.3447816,-9.870192,-0.7726776,-3.295176,-10.770296
13199,-1.4710214,-2.3355765,-9.8930025,-0.7386904,-3.3027987,-10.7583
13234,-1.4610957,-2.323586,-9.916146,-0.75506973,-3.2452183,-10.690817
13271,-1.4503808,-2.304029,-9.933866,-0.6934289,-3.2598016,-10.76789
13302,-1.4397221,-2.2843692,-9.9508705,-0.683132,-3.2240238,-10.809226
13337,-1.4307115,-2.2663062,-9.968924,-0.6165653,-3.2330067,-10.84466
13367,-1.4216448,-2.2476234,-9.984526,-0.39556944,-3.3988047,-11.021143
13399,-1.4115463,-2.230789,-9.998519,-0.33412302,-3.4109495,-11.064496
13432,-1.4004859,-2.2161305,-10.011547,-0.3251493,-3.3898406,-11.052435
13467,-1.3894925,-2.2043428,-10.02526,-0.28391373,-3.3991308,-11.04892
13504,-1.3781934,-2.1947803,-10.038183,-0.25841975,-3.3962345,-11.039549
13531,-1.3678663,-2.1864567,-10.048019,-0.23044777,-3.3834584,-11.024842
13575,-1.3555278,-2.181579,-10.0593815,-0.19978237,-3.386652,-11.018595
13600,-1.3424449,-2.1793754,-10.070592,-0.17511964,-3.3818204,-11.005372
13632,-1.3293817,-2.1806207,-10.082414,-0.13527691,-3.3929653,-10.995565
13668,-1.3146334,-2.182461,-10.093269,-0.08254397,-3.4116406,-10.983919
13705,-1.29925,-2.185287,-10.104205,-0.044217825,-3.4246292,-10.970031
13735,-1.2844554,-2.1916614,-10.116755,-0.024609685,-3.4140463,-10.945074
13769,-1.2688795,-2.194282,-10.128196,0.008833408,-3.4046555,-10.922802
13800,-1.2527089,-2.1964114,-10.140126,0.038080335,-3.3966289,-10.910145
13835,-1.2357132,-2.1936562,-10.147584,0.051554203,-3.373637,-10.888002
13868,-1.2175156,-2.1936338,-10.1606455,0.06155789,-3.343544,-10.865085
13897,-1.1985365,-2.1917846,-10.174512,0.005345702,-3.2450967,-10.8199005
13933,-1.1763744,-2.1882622,-10.189439,0.074102044,-3.2805696,-10.81243
13968,-1.1544536,-2.1838636,-10.203174,0.19837844,-3.3886194,-10.809947
13999,-1.1363395,-2.1768613,-10.214958,0.19640684,-3.359529,-10.80567
14034,-1.1214509,-2.1689644,-10.230387,0.16967249,-3.2487655,-10.828958
14069,-1.1064631,-2.1637406,-10.24432,0.32333875,-3.3111105,-10.8446045
14100,-1.0896764,-2.1610966,-10.256898,0.29032338,-3.2042315,-10.794742
14133,-1.0724121,-2.1591234,-10.263857,0.74929667,-3.5656538,-10.908149
14167,-1.0553224,-2.158446,-10.271867,0.5388361,-3.4198132,-10.806811
14198,-1.0400697,-2.1572037,-10.279537,0.4343151,-3.327904,-10.766892
14234,-1.0263642,-2.155869,-10.286136,0.5382062,-3.3522031,-10.7480545
14265,-1.0096471,-2.156503,-10.292166,0.5561013,-3.3419194,-10.710504
14298,-0.9915811,-2.1585531,-10.297144,0.5854437,-3.361659,-10.673599
14332,-0.97455734,-2.156402,-10.296382,4.7533336,-6.4727306,-11.456695
14374,-0.9557395,-2.1591322,-10.3005905,4.5852904,-6.3335915,-11.259406
14399,-0.9366244,-2.1617374,-10.303962,4.254041,-6.0311728,-11.019399
14432,-0.91838235,-2.1593635,-10.307597,0.8609961,-3.5047154,-10.475269
14467,-0.89881974,-2.160931,-10.310451,1.4087837,-3.8964353,-10.426662
14498,-0.87938946,-2.1618598,-10.312979,0.6530439,-3.312183,-10.312683
14533,-0.862593,-2.1590884,-10.316619,0.73924667,-3.3675244,-10.25347
14567,-0.84193283,-2.1577103,-10.320968,0.68608385,-3.323508,-10.178573
14602,-0.82208925,-2.1532733,-10.325411,0.68275666,-3.331614,-10.124463
14633,-0.81007755,-2.141312,-10.330695,2.1053257,-4.393318,-9.8427515
14677,-0.79372835,-2.1334176,-10.336043,1.8442372,-4.120841,-9.834695
14701,-0.7774626,-2.1269243,-10.341429,2.1502078,-4.274423,-9.700557
14735,-0.7567286,-2.1290412,-10.345482,2.1234715,-4.232234,-9.626783
14766,-0.7399312,-2.125767,-10.350206,2.211251,-4.29671,-9.516376
14797,-0.72334576,-2.1232507,-10.353742,1.8951907,-4.061142,-9.5424595
14831,-0.7088754,-2.1211574,-10.355108,1.8884201,-4.0555205,-9.493811
14874,-0.6914712,-2.1212592,-10.356288,1.8721081,-4.0504794,-9.43932
14899,-0.6732448,-2.1229255,-10.356686,1.8409245,-4.0418057,-9.38752
14936,-0.6528663,-2.1271002,-10.355896,2.7019138,-4.7421966,-8.948464
14966,-0.63354653,-2.1309428,-10.355122,2.6347756,-4.6853566,-8.9046955
14999,-0.6139617,-2.135107,-10.353998,2.5991402,-4.6522045,-8.886696
15038,-0.5967463,-2.1368759,-10.349204,2.9240832,-4.897129,-8.651408
15067,-0.5776098,-2.1410782,-10.345531,2.965142,-4.9144926,-8.57965
15097,-0.55790174,-2.145268,-10.341073,3.0211253,-4.95487,-8.488563
15137,-0.53568786,-2.1535842,-10.331644,3.1394475,-5.057828,-8.321522
15169,-0.51488876,-2.1574202,-10.324306,3.2271385,-5.121568,-8.213741
15198,-0.49312064,-2.1601274,-10.31602,3.369758,-5.2149563,-8.041178
15231,-0.46858647,-2.1612518,-10.307631,1.2191443,-3.5994086,-9.181467
15271,-0.44701743,-2.1600277,-10.295771,0.73761237,-3.249061,-9.439647
15310,-0.4298828,-2.1562855,-10.284924,0.76008815,-3.2442925,-9.446536
15335,-0.41463578,-2.151852,-10.27634,1.534171,-3.872117,-8.915695
15368,-0.39628342,-2.1493938,-10.267737,1.1832567,-3.5745618,-9.065931
15399,-0.37947637,-2.1472898,-10.257537,3.0634604,-5.299671,-7.366246
15436,-0.36507133,-2.1442616,-10.244464,2.906608,-5.199214,-7.3673735
15471,-0.3524563,-2.142429,-10.232341,2.900924,-5.2175007,-7.2900386
15502,-0.33890337,-2.1420274,-10.220853,2.7743683,-5.227055,-7.2109947
15536,-0.31992072,-2.142323,-10.20816,2.510537,-5.0739174,-7.2951765
15568,-0.30554512,-2.1450934,-10.194814,2.3337612,-4.98503,-7.308829
15601,-0.29096183,-2.1490278,-10.180115,0.6989002,-3.3030643,-9.019794
15633,-0.2740084,-2.1518564,-10.165423,0.5795729,-3.197946,-9.115007
15673,-0.2584248,-2.155806,-10.151489,0.5625557,-3.191022,-9.083539
15699,-0.24225444,-2.1596885,-10.137173,0.5393775,-3.1836512,-9.051578
15735,-0.22110507,-2.1632345,-10.121354,0.5803488,-3.3195214,-8.8784075
15768,-0.20452033,-2.1651614,-10.107128,0.5963706,-3.36961,-8.77421
15802,-0.18784998,-2.1661153,-10.092523,0.56659496,-3.3521738,-8.742318
15831,-0.17077127,-2.1663547,-10.076699,0.47527558,-3.281766,-8.793106
15868,-0.15307641,-2.1647205,-10.060784,0.40887457,-3.2514834,-8.814753
15902,-0.13669245,-2.1605225,-10.046068,0.39812902,-3.2539654,-8.788255
15935,-0.1202803,-2.154484,-10.033405,0.41224417,-3.2771635,-8.696791
15970,-0.10561867,-2.149372,-10.019949,0.38828504,-3.2565312,-8.65519
16003,-0.09130001,-2.1458867,-10.005604,0.35346034,-3.2218125,-8.669158
16034,-0.07982969,-2.1422133,-9.994027,0.33124453,-3.265647,-8.562801
16068,-0.06739711,-2.139506,-9.9798155,0.3016212,-3.24635,-8.54172
16099,-0.055931605,-2.1378999,-9.964248,0.26791754,-3.2126565,-8.554587
16135,-0.043467022,-2.1361709,-9.944395,0.22729877,-3.1800656,-8.579178
16168,-0.033172023,-2.137725,-9.926176,0.1922611,-3.1550179,-8.606
16200,-0.022755327,-2.1405249,-9.907539,0.1666371,-3.1418114,-8.61341
16236,-0.014421571,-2.1448803,-9.8925495,0.13918506,-3.1274726,-8.607121
16269,-0.004843029,-2.148987,-9.872927,0.111498706,-3.1161542,-8.587254
16299,0.003425151,-2.1535184,-9.85189,0.092203125,-3.1202726,-8.556162
16335,0.010835113,-2.1579502,-9.829479,0.076676294,-3.1206133,-8.525235
16368,0.018055554,-2.1621604,-9.806074,0.06011844,-3.1091168,-8.522897
16404,0.02514675,-2.1653202,-9.782096,0.044991918,-3.102279,-8.508856
16433,0.028411487,-2.1689744,-9.758179,0.04576143,-3.0904143,-8.486212
16466,0.035288826,-2.170102,-9.731786,0.046175223,-3.0889037,-8.4714365
16501,0.042743567,-2.1699333,-9.704253,0.01992536,-3.0887208,-8.487016
16536,0.04918164,-2.1680493,-9.678314,0.01946451,-3.0868568,-8.457133
16569,0.056284286,-2.1655943,-9.654738,0.016566735,-3.0896497,-8.400395
16599,0.06342448,-2.163819,-9.631295,-0.01806229,-3.0797303,-8.390752
16635,0.066152915,-2.1622593,-9.607792,-0.041365333,-3.0717654,-8.399698
16666,0.07102989,-2.160565,-9.587551,-0.033898465,-3.0749972,-8.378015
16705,0.07621102,-2.1605623,-9.567014,-0.030909315,-3.0638425,-8.377383
16734,0.081547335,-2.1628442,-9.544751,-0.048968673,-3.054607,-8.3887205
16773,0.08394921,-2.1659217,-9.524557,-0.06079834,-3.0517035,-8.398274
16798,0.08756523,-2.1701243,-9.499884,-0.071020216,-3.050303,-8.405743
16831,0.090321034,-2.173593,-9.474299,-0.082170635,-3.037119,-8.417986
16871,0.093896694,-2.1768281,-9.448588,-0.09548211,-3.0027504,-8.425396
16904,0.096961364,-2.179974,-9.421988,-0.10943592,-2.97028,-8.4254465
16930,0.09943386,-2.1821296,-9.396564,-0.12265662,-2.9571042,-8.422091
16970,0.10226801,-2.1837776,-9.368223,-0.14673918,-2.9367788,-8.402706
17001,0.10532139,-2.183717,-9.339611,-0.17324114,-2.9278657,-8.357731
17032,0.10852425,-2.1837025,-9.30847,-0.18935019,-2.929847,-8.317396
17066,0.11133838,-2.1813862,-9.277014,-0.20336294,-2.928304,-8.313179
17102,0.114133745,-2.1765113,-9.247625,-0.21822165,-2.9273553,-8.296642
17134,0.11974854,-2.170074,-9.218898,-0.22541554,-2.9337566,-8.229772
17168,0.12210618,-2.1647112,-9.192769,-0.23281153,-2.930315,-8.186928
17199,0.12238435,-2.1603076,-9.167043,-0.25940675,-2.9196162,-8.178086
17234,0.11892605,-2.1560135,-9.141163,-0.26147082,-2.9180405,-8.178264
17268,0.11590396,-2.1530805,-9.118115,-0.2532246,-2.9179788,-8.160427
17299,0.11261325,-2.1516876,-9.095304,-0.2642659,-2.911501,-8.157116
17335,0.1112136,-2.151556,-9.066633,-0.27057213,-2.9000876,-8.16084
17374,0.10654796,-2.1533844,-9.04282,-0.28612885,-2.896228,-8.164179
17400,0.10100844,-2.155514,-9.019066,-0.3012756,-2.886165,-8.171702
17432,0.09494825,-2.1567137,-8.996744,-0.31351805,-2.8873072,-8.1606
17466,0.0879305,-2.1578507,-8.973603,-0.31004238,-2.8638406,-8.166389
17499,0.08008789,-2.1586595,-8.950305,-0.30599695,-2.8272777,-8.174165
17533,0.07204558,-2.1594822,-8.926602,-0.30348116,-2.8056085,-8.177194
17568,0.06228301,-2.1602461,-8.900936,-0.30253392,-2.795167,-8.172762
17600,0.05194033,-2.1601105,-8.874282,-0.2989144,-2.7767696,-8.155691
17669,0.041459043,-2.159407,-8.845966,-0.30468068,-2.7762465,-8.115018
17704,0.029730715,-2.1570272,-8.816703,-0.3189243,-2.7757747,-8.092454
17731,0.0045113172,-2.1420622,-8.761332,-0.3216917,-2.7736752,-8.048233
17771,-0.0059841983,-2.129623,-8.733902,-0.3304672,-2.7732632,-8.003016
17801,-0.015231732,-2.1159964,-8.710247,-0.34312087,-2.7742724,-7.962509
17834,-0.023446204,-2.102489,-8.688007,-0.34584573,-2.7736344,-7.915185
17867,-0.031184325,-2.0895803,-8.666978,-0.3661886,-2.7504165,-7.8829856
17909,-0.038639963,-2.0757775,-8.647169,-0.38455087,-2.722765,-7.8863635
17937,-0.047717337,-2.0614212,-8.630078,-0.38355416,-2.6890414,-7.883913
17967,-0.0572303,-2.0486434,-8.612534,-0.3767618,-2.6647844,-7.8790717
17998,-0.06518702,-2.0383284,-8.5959215,-0.37431514,-2.638588,-7.8800344
18031,-0.07153914,-2.031065,-8.578756,-0.37108105,-2.6234455,-7.8806257
18067,-0.07730978,-2.026393,-8.559192,-0.37659666,-2.6117578,-7.8682694
18104,-0.08284013,-2.0243282,-8.541059,-0.38154024,-2.6062922,-7.850257
18133,-0.088232026,-2.0234442,-8.52287,-0.38408098,-2.6060479,-7.844408
18167,-0.09283814,-2.02041,-8.502114,-0.38288978,-2.6081796,-7.831673
18204,-0.09852662,-2.0193822,-8.483721,-0.39235023,-2.6062365,-7.806672
18234,-0.103290915,-2.0178623,-8.464002,-0.3940815,-2.6050806,-7.7900996
18267,-0.10660763,-2.0140774,-8.442228,-0.40809608,-2.6080494,-7.7601542
18304,-0.11164665,-2.0092006,-8.419998,-0.42144597,-2.6122205,-7.722334
18335,-0.11675763,-2.0020251,-8.396213,-0.42963406,-2.6116135,-7.696562
18365,-0.1216437,-1.9908572,-8.371166,-0.44298172,-2.6122503,-7.6938634
18400,-0.12674256,-1.9733618,-8.349757,-0.45822,-2.6122286,-7.667927
18431,-0.13165447,-1.9520386,-8.331551,-0.46343076,-2.609883,-7.6231
18468,-0.13512576,-1.9306382,-8.311538,-0.46777284,-2.5975235,-7.5818043
18498,-0.14030758,-1.9120792,-8.294598,-0.4725379,-2.5663393,-7.582494
18531,-0.14695339,-1.8965173,-8.278103,-0.48281837,-2.5476537,-7.5844545
18568,-0.15432782,-1.8833761,-8.2615385,-0.48675174,-2.528268,-7.587292
18606,-0.16146213,-1.8722682,-8.2464075,-0.48855093,-2.5034742,-7.5911727
18635,-0.16877763,-1.8636085,-8.231278,-0.48971993,-2.4744453,-7.597557
18666,-0.1759777,-1.856926,-8.215185,-0.49209863,-2.459304,-7.5964327
18698,-0.18431367,-1.8527415,-8.199326,-0.5052357,-2.4511385,-7.579547
18731,-0.19245982,-1.8491424,-8.183067,-0.5203284,-2.4506865,-7.5618906
18767,-0.19989231,-1.8438908,-8.166079,-0.53772056,-2.4453425,-7.5260015
18806,-0.20812133,-1.8381811,-8.150294,-0.54548883,-2.4428988,-7.489822
18834,-0.21674149,-1.8311533,-8.134579,-0.5557262,-2.442442,-7.4525743
18869,-0.2254189,-1.8228317,-8.1195135,-0.5762344,-2.444027,-7.3902655
18904,-0.23432177,-1.8129733,-8.102757,-0.582029,-2.4477375,-7.3482776
18932,-0.24368995,-1.801755,-8.084546,-0.58730114,-2.4477057,-7.343624
18968,-0.25358868,-1.7875769,-8.06819,-0.6008309,-2.4446783,-7.329498
19031,-0.26215598,-1.7688532,-8.056291,-0.59486926,-2.4068449,-7.3034825
19047,-0.27009103,-1.750977,-8.0441885,-0.5957035,-2.356557,-7.308949
19067,-0.27662125,-1.7347862,-8.03215,-0.6105826,-2.314079,-7.321231
19103,-0.28402668,-1.7209693,-8.020224,-0.61112356,-2.2918835,-7.3178434
19131,-0.2910091,-1.709823,-8.007584,-0.61355615,-2.280964,-7.3027267
19169,-0.29662502,-1.7013667,-7.9948306,-0.6158329,-2.272017,-7.3167944
19203,-0.3012904,-1.6942085,-7.980669,-0.7518493,-2.5086536,-7.01038
19233,-0.30548072,-1.6884221,-7.965925,-0.6345478,-2.2719896,-7.2586975
19266,-0.3096053,-1.6831686,-7.949322,-0.629006,-2.2702007,-7.249283
19299,-0.3132311,-1.6802187,-7.9332156,-0.62852585,-2.2673378,-7.2359457
19333,-0.31676394,-1.6789191,-7.916466,-0.62943876,-2.266979,-7.224584
19368,-0.3198464,-1.6767337,-7.898199,-0.6311498,-2.2681336,-7.206157
19402,-0.32297182,-1.6772993,-7.8806224,-0.63314104,-2.2678695,-7.190677
19432,-0.32577652,-1.677648,-7.8622384,-0.6380066,-2.268108,-7.18013
19475,-0.32746035,-1.6747584,-7.8439746,-0.6468012,-2.276654,-7.1435137
19503,-0.32991183,-1.6702819,-7.8251266,-0.6431129,-2.2771494,-7.1150765
19533,-0.33261043,-1.6637125,-7.803707,-0.6460875,-2.277503,-7.1040382
19567,-0.33459368,-1.6526392,-7.782072,-0.6657671,-2.2785096,-7.1068196
19602,-0.3381214,-1.635777,-7.76363,-0.6798357,-2.2787597,-7.080324
19631,-0.34289634,-1.6162817,-7.7476487,-0.6684216,-2.2759244,-7.038672
19666,-0.34582976,-1.5964861,-7.730791,-0.6624564,-2.2647476,-7.019755
19700,-0.34780955,-1.5775087,-7.7159967,-0.68033147,-2.225392,-7.0249305
19733,-0.35088837,-1.5600263,-7.701741,-0.6873522,-2.1881468,-7.028104
19766,-0.3559252,-1.5451043,-7.6889925,-0.6853788,-2.168406,-7.027863
19799,-0.36088943,-1.5321581,-7.6750636,-0.68521345,-2.14695,-7.0311313
19831,-0.36521456,-1.5222247,-7.6606107,-0.6857647,-2.1291733,-7.0327663
19868,-0.3708488,-1.5163267,-7.6463695,-0.68976474,-2.1085684,-7.029304
19901,-0.3766974,-1.5134213,-7.631107,-0.6976181,-2.102244,-7.023901
19932,-0.38309783,-1.5129149,-7.615364,-0.7143704,-2.1008542,-7.0008416
19965,-0.38931346,-1.5117731,-7.5970764,-1.0731359,-2.7125664,-6.3953276
20000,-0.39615586,-1.5112647,-7.581275,-0.730389,-2.1034436,-6.976552
20033,-0.40249285,-1.5096158,-7.565209,-0.73114127,-2.0760431,-6.977263
20066,-0.40896687,-1.5072181,-7.550032,-0.7588763,-2.107851,-6.9194646
20103,-0.41700718,-1.5013915,-7.533971,-0.76677525,-2.1072946,-6.8823237
20132,-0.42532143,-1.493894,-7.5158615,-0.7778568,-2.0980983,-6.879121
20168,-0.4326104,-1.483754,-7.4973736,-0.7957423,-2.1014829,-6.8792667
20201,-0.43984973,-1.4697071,-7.481267,-0.7887008,-2.0955138,-6.850379
20237,-0.4461072,-1.454921,-7.4654646,-0.7948457,-2.1051803,-6.8044114
20265,-0.45188716,-1.4403126,-7.4498878,-0.8047403,-2.1033556,-6.7806277
20308,-0.45657533,-1.4247448,-7.434826,-0.80506134,-2.0874853,-6.7643027
20333,-0.46031392,-1.4084986,-7.420938,-0.7967044,-2.0515308,-6.760482
20367,-0.4645739,-1.3929282,-7.4081144,-0.7928557,-2.011768,-6.7585926
20399,-0.46885532,-1.3797834,-7.3948526,-0.78244877,-1.9778881,-6.75906
20433,-0.47300762,-1.3694977,-7.3814197,-0.77803636,-1.9531784,-6.754568
20468,-0.47652102,-1.3620673,-7.3682103,-0.7801659,-1.9437945,-6.7335386
20500,-0.48070762,-1.35847,-7.3528533,-0.78255916,-1.9419419,-6.7208424
20533,-0.48476908,-1.3573769,-7.336586,-0.7844986,-1.9413083,-6.7181506
20593,-0.48894328,-1.3570888,-7.3200245,-0.7843509,-1.9392565,-6.7062125
20610,-0.49259916,-1.356422,-7.303549,-0.79208064,-1.9392104,-6.687223
20637,-0.4962164,-1.3546358,-7.286695,-0.80119276,-1.939981,-6.676461
20665,-0.49969244,-1.3505319,-7.27057,-0.8068386,-1.9339982,-6.657533
20705,-0.50249946,-1.3434657,-7.254074,-0.81074417,-1.917206,-6.642571
20730,-0.5059831,-1.3345801,-7.2357693,-0.8166566,-1.9027297,-6.6353493
20769,-0.5095757,-1.3224831,-7.2172475,-0.85497695,-1.9288447,-6.606944
20800,-0.51400244,-1.3052108,-7.2023854,-0.87802315,-1.9387043,-6.569438
20835,-0.5178292,-1.2861191,-7.189163,-0.87387216,-1.9340868,-6.528706
20869,-0.52001953,-1.266735,-7.174469,-0.89329416,-1.9353431,-6.4952025
20903,-0.5225847,-1.2482598,-7.161228,-0.91621804,-1.9111664,-6.4868884
20932,-0.526681,-1.2304999,-7.148975,-0.9176326,-1.879236,-6.4885116
20969,-0.5328957,-1.214403,-7.137965,-0.91550773,-1.8557649,-6.4888325
21007,-0.5385415,-1.2001923,-7.1260977,-0.91672033,-1.8365058,-6.492375
21034,-0.5445091,-1.1885241,-7.113968,-0.91543734,-1.805718,-6.4964004
21067,-0.5515782,-1.1797668,-7.1020327,-0.9180441,-1.7912436,-6.4972196
21103,-0.55928284,-1.1741724,-7.0892024,-0.93022186,-1.7791158,-6.481096
21130,-0.56714785,-1.1713055,-7.0754313,-0.9412042,-1.7754495,-6.47024
21171,-0.57582194,-1.1701045,-7.0613256,-0.96012396,-1.776342,-6.450229
21209,-0.5839586,-1.1697273,-7.0465856,-0.97426116,-1.7778459,-6.433182
21234,-0.5917403,-1.1689485,-7.031787,-0.98161864,-1.7785203,-6.416077
21269,-0.59964436,-1.1673946,-7.016255,-0.98839253,-1.7757926,-6.4029126
21304,-0.6078016,-1.1633496,-7.0015135,-0.9946586,-1.7761507,-6.3771014
21338,-0.61597943,-1.1567838,-6.9858375,-0.9931389,-1.7769127,-6.339546
21365,-0.6230624,-1.147924,-6.9677777,-1.0069783,-1.7762154,-6.339912
21402,-0.63038206,-1.1345398,-6.951144,-1.0125333,-1.7778978,-6.328886
21435,-0.6363065,-1.1178081,-6.9371204,-1.0071561,-1.7798704,-6.273953
21466,-0.6411821,-1.1006814,-6.9223223,-1.014728,-1.7761412,-6.2255692
21506,-0.6462998,-1.0843499,-6.907557,-1.0185678,-1.7646863,-6.2074804
21530,-0.6517341,-1.0682914,-6.8941197,-1.0073416,-1.7377988,-6.199206
21569,-0.65768045,-1.0524693,-6.881345,-0.9983165,-1.6976887,-6.199705
21600,-0.66263217,-1.0394527,-6.8690376,-0.9908618,-1.6647751,-6.2009506
21631,-0.66793543,-1.0293826,-6.856383,-0.9821008,-1.6419463,-6.204425
21669,-0.6727871,-1.0216047,-6.843862,-0.9804505,-1.6229045,-6.202319
21704,-0.6773681,-1.0169852,-6.8304305,-0.9799746,-1.6141264,-6.195968
21734,-0.6825489,-1.0152634,-6.8158355,-0.9811272,-1.6135997,-6.1885505
21769,-0.68737346,-1.0142272,-6.8011184,-0.99068487,-1.6125894,-6.1749206
21803,-0.6917773,-1.0139718,-6.785573,-1.0858166,-1.7683579,-5.978217
21831,-0.69662374,-1.0132449,-6.769658,-1.0050876,-1.6066349,-6.137127
21866,-0.7013293,-1.0117557,-6.752351,-1.0028011,-1.6077752,-6.126657
21905,-0.7047611,-1.0074823,-6.7357287,-1.0145677,-1.609034,-6.094827
21934,-0.70765436,-1.000225,-6.718986,-1.0259054,-1.6081858,-6.064188
21965,-0.70966655,-0.9902719,-6.7009306,-1.0370505,-1.609273,-6.0351396
22004,-0.71274686,-0.97822577,-6.682345,-1.0566266,-1.6078037,-6.030097
22032,-0.7170413,-0.96185744,-6.6668396,-1.0709877,-1.6032399,-6.0243015
22075,-0.72088665,-0.94215655,-6.654493,-1.0599595,-1.591985,-5.999015
22105,-0.7244179,-0.92410517,-6.642149,-1.0688238,-1.5965738,-5.96134
22133,-0.726742,-0.9071072,-6.6298776,-1.1057782,-1.5885975,-5.9383006
22165,-0.7317883,-0.89107263,-6.6173716,-1.1167657,-1.5587168,-5.9422026
22211,-0.7382104,-0.8772654,-6.606386,-1.1177129,-1.5430224,-5.943185
22236,-0.7446479,-0.86520416,-6.5952487,-1.1247208,-1.5255717,-5.947918
22265,-0.7498529,-0.8553005,-6.5839696,-1.125965,-1.5044434,-5.9508457
22299,-0.755686,-0.8478218,-6.5724835,-1.1287796,-1.4853362,-5.953708
22333,-0.76204556,-0.8428784,-6.5612555,-1.1264569,-1.4745417,-5.957573
22370,-0.76798284,-0.84029794,-6.5502863,-1.1234086,-1.4384489,-5.969143
22399,-0.77545875,-0.8403463,-6.538721,-1.1210616,-1.4066745,-5.985333
22435,-0.7838054,-0.8422306,-6.526773,-1.1318276,-1.4201835,-5.9724736
22464,-0.7923352,-0.84482855,-6.514941,-1.1249106,-1.4012139,-5.9883842
22509,-0.8013819,-0.8468724,-6.5017233,-1.1610305,-1.4493704,-5.94347
22533,-0.8102281,-0.8469058,-6.4885755,-1.1626953,-1.443916,-5.9379077
22565,-0.81955546,-0.84436715,-6.475231,-1.147002,-1.400003,-5.9524574
22597,-0.82874525,-0.8393145,-6.461271,-1.1385683,-1.3474203,-5.9632854
22631,-0.8381779,-0.83183926,-6.446437,-1.2373827,-1.462122,-5.797781
22670,-0.8498809,-0.82311374,-6.4303536,-1.2330648,-1.4622054,-5.7897034
22701,-0.8611177,-0.81165785,-6.413582,-1.23581,-1.4626024,-5.788844
22731,-0.8705636,-0.79631364,-6.398699,-1.2472895,-1.4608538,-5.7579055
22765,-0.8801458,-0.7796954,-6.3860645,-1.2403195,-1.4368923,-5.7398844
22798,-0.88776714,-0.7633679,-6.371521,-1.2655184,-1.4477313,-5.700222
22831,-0.8947928,-0.74732924,-6.3579955,-1.2850792,-1.4466512,-5.6637235
22866,-0.90421975,-0.7335167,-6.345819,-1.3078775,-1.4621278,-5.6128693
22899,-0.911573,-0.7208168,-6.3330655,-1.3130276,-1.4644802,-5.588904
22931,-0.9171246,-0.70981354,-6.3201404,-1.3204151,-1.4663572,-5.558077
22968,-0.9215282,-0.70026946,-6.3075876,-1.3303726,-1.4690039,-5.528777
23006,-0.92632294,-0.69388235,-6.2937856,-1.331605,-1.4712609,-5.5090284
23031,-0.9304323,-0.6895856,-6.2794375,-1.3300983,-1.4704795,-5.495535
23067,-0.93386865,-0.6873594,-6.2647653,-1.3298433,-1.461429,-5.485097
23101,-0.9380405,-0.68584675,-6.249403,-1.3231648,-1.4518965,-5.4795723
23130,-0.9417406,-0.6847597,-6.2334647,-1.3240474,-1.4643695,-5.4507055
23168,-0.9449331,-0.68234473,-6.21639,-1.3182269,-1.4548824,-5.4415135
23200,-0.94835734,-0.67983884,-6.19938,-1.3063195,-1.4252083,-5.448263
23232,-0.9516763,-0.6754016,-6.181988,-1.2907138,-1.4006352,-5.447695
23264,-0.95426196,-0.6684861,-6.1657214,-1.2881768,-1.3998306,-5.4178944
23298,-0.9570183,-0.65839237,-6.147323,-1.3305973,-1.4647298,-5.322586
23331,-0.9603982,-0.6457237,-6.1286426,-1.3468068,-1.4608061,-5.3284216
23367,-0.9644902,-0.6296092,-6.114148,-1.3518832,-1.4720101,-5.3025513
23400,-0.96822894,-0.6120369,-6.100196,-1.3516812,-1.4786952,-5.260263
23430,-0.97096723,-0.5948088,-6.086211,-1.3771089,-1.482055,-5.2227707
23470,-0.9732988,-0.57751733,-6.0722814,-1.4082966,-1.4725208,-5.1956725
23501,-0.9766054,-0.56062853,-6.059787,-1.4226569,-1.4776505,-5.1567454
23532,-0.98054385,-0.5443573,-6.047962,-1.4264734,-1.4792087,-5.1277676
23569,-0.98347497,-0.5293896,-6.034082,-1.4205914,-1.4649593,-5.1063337
23600,-0.9864715,-0.516974,-6.0209956,-1.4174968,-1.4667581,-5.0742836
23630,-0.98956656,-0.5079488,-6.0068474,-1.4109918,-1.4640837,-5.0388274
23665,-0.9928459,-0.5024957,-5.9914823,-1.4156377,-1.4690533,-5.0020723
23698,-0.9968154,-0.49948415,-5.9757805,-1.4246612,-1.4621542,-4.9787354
23731,-1.0015342,-0.4987737,-5.959432,-1.4171668,-1.4330703,-4.981363
23769,-1.0073254,-0.50036544,-5.9447937,-1.425096,-1.4333019,-4.959727
23798,-1.0132116,-0.500609,-5.9286942,-1.4367306,-1.4458365,-4.9270124
23832,-1.0193679,-0.4998391,-5.9126887,-1.4388138,-1.4547412,-4.887307
23867,-1.0264837,-0.4978865,-5.8963995,-1.4237711,-1.4320122,-4.8819985
23903,-1.0324197,-0.49326098,-5.880273,-1.420109,-1.4263256,-4.8354716
23930,-1.0386264,-0.48699975,-5.8625083,-1.4135076,-1.4448937,-4.766595
23967,-1.0454028,-0.4803457,-5.841143,-1.3924215,-1.4019904,-4.8232403
23999,-1.0509685,-0.46807888,-5.821707,-1.3845127,-1.4177625,-4.8006983
24029,-1.0549845,-0.45243347,-5.8045373,-1.3701782,-1.4617789,-4.690637
24068,-1.0582545,-0.43552303,-5.787546,-1.3480127,-1.4594247,-4.632902
24099,-1.0615349,-0.4212207,-5.770195,-1.3430067,-1.4584546,-4.600443
24130,-1.0649801,-0.40758842,-5.7540135,-1.3371198,-1.4851077,-4.5438333
24167,-1.070391,-0.3924789,-5.739893,-1.3231863,-1.4994364,-4.507199
24201,-1.0721574,-0.3801971,-5.725107,-1.3146857,-1.5019643,-4.4714994
24232,-1.0721686,-0.36940092,-5.7104754,-1.3036052,-1.5073377,-4.432409
24266,-1.0706787,-0.36008796,-5.6929398,-1.2833433,-1.5014371,-4.413472
24302,-1.0682604,-0.35225692,-5.677126,-1.2636112,-1.5085607,-4.3697705
24331,-1.0649132,-0.34592584,-5.6609783,-1.2358844,-1.4961686,-4.3489423
24366,-1.0619655,-0.34199405,-5.641257,-1.2098064,-1.500926,-4.321993
24433,-1.0567873,-0.33916682,-5.6238213,-1.1831563,-1.501893,-4.3063254
24465,-1.0500822,-0.3374461,-5.6062446,-1.1495286,-1.4927899,-4.304082
24502,-1.0335113,-0.33429495,-5.573241,-1.0698041,-1.4968474,-4.26326
24530,-1.0242634,-0.33229467,-5.5545435,-1.0195144,-1.4914293,-4.235799
24565,-1.0120895,-0.33172345,-5.5376554,-0.9839753,-1.4679257,-4.215151
24615,-1.0010687,-0.32829642,-5.5178556,-0.9418643,-1.4537936,-4.1690507
24633,-0.9890695,-0.32337898,-5.497646,-0.9042318,-1.4678352,-4.1114855
24664,-0.9762853,-0.3177452,-5.4780684,-0.86090124,-1.4706229,-4.060255
24697,-0.9646498,-0.3082768,-5.4554663,-0.8348099,-1.4720855,-4.0340242
24733,-0.9539267,-0.29501262,-5.432601,-0.82004774,-1.4624996,-4.029193
24766,-0.9436428,-0.27710676,-5.411036,-0.76426613,-1.4746346,-3.9781282
24800,-0.9337254,-0.25995815,-5.3905478,-0.7252602,-1.4553585,-3.9513345
24832,-0.9230133,-0.24336892,-5.3711505,-0.7068566,-1.4453439,-3.8966022
24865,-0.9122081,-0.2268349,-5.354634,-0.684078,-1.4116408,-3.879734
24899,-0.90253586,-0.21186566,-5.3382382,-0.64256537,-1.4081786,-3.8334827
24930,-0.8926353,-0.19885248,-5.322416,-0.60034037,-1.4295378,-3.785785
24965,-0.88032746,-0.18817046,-5.306286,-0.564104,-1.4188063,-3.7846842
25000,-0.86796945,-0.17960015,-5.292224,-0.5201696,-1.4527427,-3.7043304
25029,-0.85512215,-0.17369577,-5.277902,-0.48834008,-1.4334726,-3.692691
25068,-0.8432965,-0.167839,-5.261344,-0.47925586,-1.4266974,-3.6900682
25099,-0.83132654,-0.16548558,-5.247073,-0.4446295,-1.4447668,-3.6366425
25132,-0.81920636,-0.16452748,-5.2329564,-0.39801311,-1.4395503,-3.618248
25165,-0.8082439,-0.16477007,-5.2193336,-0.36689818,-1.4447935,-3.5920963
25200,-0.79637057,-0.1663932,-5.203763,-0.34106812,-1.4105558,-3.6313667
25230,-0.78409755,-0.16879632,-5.187914,-0.3083611,-1.4248905,-3.6179888
25265,-0.772849,-0.17184356,-5.1728144,-0.27582723,-1.4231972,-3.613134
25301,-0.7599896,-0.17546304,-5.155508,-0.24032277,-1.4290758,-3.6027756
25332,-0.7470633,-0.17913808,-5.1374054,-0.21130294,-1.4059925,-3.6173158
25364,-0.7355813,-0.18525597,-5.1179714,-0.19577765,-1.3842505,-3.6436455
25402,-0.7224623,-0.18802539,-5.0983973,-0.15772098,-1.4055214,-3.5844162
25430,-0.70975965,-0.18966419,-5.0781446,-0.11397302,-1.3945825,-3.5459647
25465,-0.69700795,-0.1908045,-5.0563426,-0.0889734,-1.3662512,-3.5695534
25499,-0.6836425,-0.19076519,-5.032684,-0.056175113,-1.3616872,-3.5635152
25530,-0.6686122,-0.18979521,-5.0070224,-0.048156917,-1.3430282,-3.5901208
25564,-0.6527865,-0.18582967,-4.9816923,-0.049078822,-1.3406342,-3.5917153
25601,-0.6379838,-0.18095857,-4.956382,-0.046272337,-1.3252778,-3.591763
25629,-0.6244482,-0.17556673,-4.9327254,9.7060204E-4,-1.3212657,-3.5399885
25665,-0.61203283,-0.17049977,-4.9123273,0.038672388,-1.3280187,-3.450772
25700,-0.5969577,-0.16855937,-4.889198,0.034341455,-1.3246146,-3.3987207
25730,-0.58263266,-0.16760367,-4.8654165,-0.010729551,-1.3307667,-3.3465254
25764,-0.56970555,-0.16561866,-4.8424397,-0.08320239,-1.3472271,-3.3581634
25799,-0.55582815,-0.16667402,-4.8178635,-0.106993556,-1.3517691,-3.4329147
25830,-0.5426972,-0.16920535,-4.794049,-0.090283275,-1.346079,-3.4946623
25866,-0.5281443,-0.17222863,-4.7699437,-0.08143905,-1.3472453,-3.510944
25901,-0.5132049,-0.17600197,-4.74753,-0.06372458,-1.3810825,-3.4930768
25930,-0.49889958,-0.17949368,-4.724428,-0.037342608,-1.3784827,-3.509095
25965,-0.48148218,-0.18148482,-4.6973405,-0.01775816,-1.3569676,-3.5600939
26010,-0.46560052,-0.1848354,-4.673033,0.013577819,-1.381943,-3.5420043
26028,-0.44843757,-0.18825682,-4.648657,0.041526735,-1.3633709,-3.5662866