filename,width,height,class,xmin,ymin,xmax,ymax
MP_SEL_000954_jpg.rf.02a99143748d0332e5431aa5789a56e6.jpg,416,416,crosswalk,91,105,354,343



MP_SEL_000863_jpg.rf.00953f39fa78d220d167a8944bda6254.jpg,416,416,car,285,166,381,294
MP_SEL_000863_jpg.rf.00953f39fa78d220d167a8944bda6254.jpg,416,416,car,394,188,416,308
MP_SEL_000863_jpg.rf.00953f39fa78d220d167a8944bda6254.jpg,416,416,car,0,135,134,409
MP_SEL_000863_jpg.rf.00953f39fa78d220d167a8944bda6254.jpg,416,416,stair,159,253,219,312

MP_SEL_000890_jpg.rf.1212ae9335f78e2faede55a5e40ce065.jpg,416,416,stair,128,318,223,416

MP_SEL_000944_jpg.rf.07b045b85d386b7729ba624ee241466c.jpg,416,416,car,73,147,174,321

MP_SEL_000990_jpg.rf.166b37762072890784087d89ac8401b8.jpg,416,416,person,235,150,309,351

MP_SEL_000966_jpg.rf.137dc6edf7ceaf170f769026990bda48.jpg,416,416,crosswalk,64,120,254,236
MP_SEL_000954_jpg.rf.0c296880e05b551a4967ab749323a364.jpg,416,416,crosswalk,62,105,325,343
MP_SEL_000801_jpg.rf.116ad3d957d92d8d771baba2980215f0.jpg,416,416,car,53,27,94,58
MP_SEL_000801_jpg.rf.116ad3d957d92d8d771baba2980215f0.jpg,416,416,car,3,34,26,52
MP_SEL_000801_jpg.rf.116ad3d957d92d8d771baba2980215f0.jpg,416,416,car,147,17,236,76
MP_SEL_000801_jpg.rf.116ad3d957d92d8d771baba2980215f0.jpg,416,416,motorbike,4,44,37,109
MP_SEL_000801_jpg.rf.116ad3d957d92d8d771baba2980215f0.jpg,416,416,car,102,25,124,40



MP_SEL_000847_jpg.rf.1811320c7c34001f2d1af68b9e2b068c.jpg,416,416,car,217,141,238,170
MP_SEL_000847_jpg.rf.1811320c7c34001f2d1af68b9e2b068c.jpg,416,416,car,203,147,226,177
MP_SEL_000847_jpg.rf.1811320c7c34001f2d1af68b9e2b068c.jpg,416,416,car,156,137,202,190
MP_SEL_000847_jpg.rf.1811320c7c34001f2d1af68b9e2b068c.jpg,416,416,car,111,127,166,200
MP_SEL_000847_jpg.rf.1811320c7c34001f2d1af68b9e2b068c.jpg,416,416,car,1,81,126,271

MP_SEL_000994_jpg.rf.1631a252b7a1c76748732d6cc25b099d.jpg,416,416,crosswalk,55,80,323,333


MP_SEL_000903_jpg.rf.1e0b141830551fc74d0a93d80060275f.jpg,416,416,door,293,155,336,280




MP_SEL_000837_jpg.rf.26d80f8b0dc8952b48ea07163bef711a.jpg,416,416,car,223,133,245,163
MP_SEL_000837_jpg.rf.26d80f8b0dc8952b48ea07163bef711a.jpg,416,416,truck,240,119,283,206
MP_SEL_000837_jpg.rf.26d80f8b0dc8952b48ea07163bef711a.jpg,416,416,car,257,144,346,247
MP_SEL_000837_jpg.rf.26d80f8b0dc8952b48ea07163bef711a.jpg,416,416,car,320,134,415,415
MP_SEL_000890_jpg.rf.2988482e51774f6c8f28f7eda2321e8c.jpg,416,416,stair,193,318,288,416




MP_SEL_000808_jpg.rf.1a4a6ec903fc54333d3061330f28ceca.jpg,416,416,car,365,0,386,21
MP_SEL_000808_jpg.rf.1a4a6ec903fc54333d3061330f28ceca.jpg,416,416,car,313,0,368,46
MP_SEL_000835_jpg.rf.30992eb63ccc76c37128967f207a50a6.jpg,416,416,truck,249,133,310,197
MP_SEL_000835_jpg.rf.30992eb63ccc76c37128967f207a50a6.jpg,416,416,truck,169,146,193,190
MP_SEL_000835_jpg.rf.30992eb63ccc76c37128967f207a50a6.jpg,416,416,truck,196,146,225,191
MP_SEL_000835_jpg.rf.30992eb63ccc76c37128967f207a50a6.jpg,416,416,car,1,136,68,220
MP_SEL_000835_jpg.rf.30992eb63ccc76c37128967f207a50a6.jpg,416,416,car,109,140,169,235
MP_SEL_000835_jpg.rf.30992eb63ccc76c37128967f207a50a6.jpg,416,416,car,281,169,331,218
MP_SEL_000835_jpg.rf.30992eb63ccc76c37128967f207a50a6.jpg,416,416,truck,290,111,416,336
MP_SEL_000835_jpg.rf.30992eb63ccc76c37128967f207a50a6.jpg,416,416,car,10,174,150,321

MP_SEL_000802_jpg.rf.41bf72b3e47f0bad8b12c4978ef26d44.jpg,416,416,person,174,1,184,24
MP_SEL_000802_jpg.rf.41bf72b3e47f0bad8b12c4978ef26d44.jpg,416,416,person,219,0,236,35
MP_SEL_000802_jpg.rf.41bf72b3e47f0bad8b12c4978ef26d44.jpg,416,416,motorbike,98,0,139,65
MP_SEL_000802_jpg.rf.41bf72b3e47f0bad8b12c4978ef26d44.jpg,416,416,car,186,0,201,7

MP_SEL_000811_jpg.rf.30d44030753f24dfd3cdc5c94f3c4d92.jpg,416,416,car,234,105,257,145
MP_SEL_000811_jpg.rf.30d44030753f24dfd3cdc5c94f3c4d92.jpg,416,416,car,150,96,206,177
MP_SEL_000811_jpg.rf.30d44030753f24dfd3cdc5c94f3c4d92.jpg,416,416,car,125,118,157,174
MP_SEL_000811_jpg.rf.30d44030753f24dfd3cdc5c94f3c4d92.jpg,416,416,truck,1,4,147,398
MP_SEL_000942_jpg.rf.2d57fc3f830a431ce582587286c2cb20.jpg,416,416,bar,283,99,301,201
MP_SEL_000962_jpg.rf.2bce28c69ed553e1c1107f3870c28cce.jpg,416,416,person,111,82,181,185






MP_SEL_000856_jpg.rf.444786e7b3037623389a92f45e59c3bf.jpg,416,416,truck,87,128,186,268
MP_SEL_000856_jpg.rf.444786e7b3037623389a92f45e59c3bf.jpg,416,416,bicycle,106,284,133,389
MP_SEL_000820_jpg.rf.3dad5af8afe1f4db402887520b267dd5.jpg,416,416,car,0,1,93,165

MP_SEL_000856_jpg.rf.2346a3e7128463ad7b374a2a32e78b9d.jpg,416,416,truck,230,128,329,268
MP_SEL_000856_jpg.rf.2346a3e7128463ad7b374a2a32e78b9d.jpg,416,416,bicycle,284,284,311,389







MP_SEL_000962_jpg.rf.526c2e433f9c75a63a20ee43961a73e6.jpg,416,416,person,235,82,305,185
MP_SEL_000952_jpg.rf.5a3217b742faac07a236103ebead02f1.jpg,416,416,bar,147,62,167,160
MP_SEL_000801_jpg.rf.41a7945447c4be0ebfd20ea4fc88b2b3.jpg,416,416,car,322,27,363,58
MP_SEL_000801_jpg.rf.41a7945447c4be0ebfd20ea4fc88b2b3.jpg,416,416,car,390,34,413,52
MP_SEL_000801_jpg.rf.41a7945447c4be0ebfd20ea4fc88b2b3.jpg,416,416,car,180,17,269,76
MP_SEL_000801_jpg.rf.41a7945447c4be0ebfd20ea4fc88b2b3.jpg,416,416,motorbike,379,44,412,109
MP_SEL_000801_jpg.rf.41a7945447c4be0ebfd20ea4fc88b2b3.jpg,416,416,car,292,25,314,40
MP_SEL_000956_jpg.rf.639ecbecac4ee0ab6a8174f009a0305b.jpg,416,416,bicycle,71,180,149,278
MP_SEL_000956_jpg.rf.639ecbecac4ee0ab6a8174f009a0305b.jpg,416,416,motorbike,230,184,276,319
MP_SEL_000960_jpg.rf.5a0b52e3afbb6fd34f6928b4d6142140.jpg,416,416,crosswalk,140,171,306,312
MP_SEL_000847_jpg.rf.531b6f8d810be33ac51e21ef17cc720d.jpg,416,416,car,178,141,199,170
MP_SEL_000847_jpg.rf.531b6f8d810be33ac51e21ef17cc720d.jpg,416,416,car,190,147,213,177
MP_SEL_000847_jpg.rf.531b6f8d810be33ac51e21ef17cc720d.jpg,416,416,car,214,137,260,190
MP_SEL_000847_jpg.rf.531b6f8d810be33ac51e21ef17cc720d.jpg,416,416,car,251,127,306,200
MP_SEL_000847_jpg.rf.531b6f8d810be33ac51e21ef17cc720d.jpg,416,416,car,291,81,416,271
MP_SEL_000835_jpg.rf.5590122cbaf7c7655cde71c4c82a8ade.jpg,416,416,truck,106,133,167,197
MP_SEL_000835_jpg.rf.5590122cbaf7c7655cde71c4c82a8ade.jpg,416,416,truck,223,146,247,190
MP_SEL_000835_jpg.rf.5590122cbaf7c7655cde71c4c82a8ade.jpg,416,416,truck,191,146,220,191
MP_SEL_000835_jpg.rf.5590122cbaf7c7655cde71c4c82a8ade.jpg,416,416,car,349,136,416,220
MP_SEL_000835_jpg.rf.5590122cbaf7c7655cde71c4c82a8ade.jpg,416,416,car,247,140,307,235
MP_SEL_000835_jpg.rf.5590122cbaf7c7655cde71c4c82a8ade.jpg,416,416,car,85,169,135,218
MP_SEL_000835_jpg.rf.5590122cbaf7c7655cde71c4c82a8ade.jpg,416,416,truck,0,111,126,336
MP_SEL_000835_jpg.rf.5590122cbaf7c7655cde71c4c82a8ade.jpg,416,416,car,266,174,406,321


MP_SEL_000898_jpg.rf.69fbeb546aa76fd121c5faeb6d43e6b5.jpg,416,416,bicycle,305,144,342,190
MP_SEL_000898_jpg.rf.69fbeb546aa76fd121c5faeb6d43e6b5.jpg,416,416,car,55,136,121,205

MP_SEL_000960_jpg.rf.67d19be9a1c30deeff00e545c1927c34.jpg,416,416,crosswalk,110,171,276,312


MP_SEL_000979_jpg.rf.67bc094eaf433b9a0cc4f78898c6bcf2.jpg,416,416,bus,275,16,405,130
MP_SEL_000979_jpg.rf.67bc094eaf433b9a0cc4f78898c6bcf2.jpg,416,416,crosswalk,151,174,332,333


MP_SEL_000831_jpg.rf.6ad5ec21b63adae27c8ad9426964661c.jpg,416,416,stair,64,64,326,297





MP_SEL_000855_jpg.rf.6f8b9ddc25fa1b9cc6e6af8f038187cf.jpg,416,416,car,149,139,182,187
MP_SEL_000855_jpg.rf.6f8b9ddc25fa1b9cc6e6af8f038187cf.jpg,416,416,car,101,144,125,185
MP_SEL_000855_jpg.rf.6f8b9ddc25fa1b9cc6e6af8f038187cf.jpg,416,416,car,240,137,285,202
MP_SEL_000855_jpg.rf.6f8b9ddc25fa1b9cc6e6af8f038187cf.jpg,416,416,car,255,90,415,395


MP_SEL_000860_jpg.rf.7cf9ffeffd703b757b495cc903f138c7.jpg,416,416,truck,149,157,186,204
MP_SEL_000860_jpg.rf.7cf9ffeffd703b757b495cc903f138c7.jpg,416,416,car,76,170,100,197
MP_SEL_000860_jpg.rf.7cf9ffeffd703b757b495cc903f138c7.jpg,416,416,truck,203,155,277,226
MP_SEL_000860_jpg.rf.7cf9ffeffd703b757b495cc903f138c7.jpg,416,416,car,278,168,366,241
MP_SEL_000860_jpg.rf.7cf9ffeffd703b757b495cc903f138c7.jpg,416,416,car,88,175,165,252











MP_SEL_000823_jpg.rf.68c7fc1fa0ed9680135d77abad607a80.jpg,416,416,car,317,6,346,32
MP_SEL_000823_jpg.rf.68c7fc1fa0ed9680135d77abad607a80.jpg,416,416,car,389,10,415,29
MP_SEL_000823_jpg.rf.68c7fc1fa0ed9680135d77abad607a80.jpg,416,416,car,146,16,156,26
MP_SEL_000823_jpg.rf.68c7fc1fa0ed9680135d77abad607a80.jpg,416,416,car,238,11,266,33
MP_SEL_000823_jpg.rf.68c7fc1fa0ed9680135d77abad607a80.jpg,416,416,car,220,15,240,33
MP_SEL_000823_jpg.rf.68c7fc1fa0ed9680135d77abad607a80.jpg,416,416,car,81,16,127,42
MP_SEL_000823_jpg.rf.68c7fc1fa0ed9680135d77abad607a80.jpg,416,416,person,201,12,211,52
MP_SEL_000823_jpg.rf.68c7fc1fa0ed9680135d77abad607a80.jpg,416,416,person,193,12,203,53

MP_SEL_000875_jpg.rf.7b9faadcb83f21a630bf92e8d58f9084.jpg,416,416,crosswalk,145,173,315,403
MP_SEL_000893_jpg.rf.790af18f17388110a8fd5a266f3ad342.jpg,416,416,stair,183,267,261,363


MP_SEL_000844_jpg.rf.710997d4d10a1cfeb63682c237590b00.jpg,416,416,car,210,173,223,186
MP_SEL_000844_jpg.rf.710997d4d10a1cfeb63682c237590b00.jpg,416,416,car,213,181,231,203
MP_SEL_000844_jpg.rf.710997d4d10a1cfeb63682c237590b00.jpg,416,416,car,216,186,254,213
MP_SEL_000844_jpg.rf.710997d4d10a1cfeb63682c237590b00.jpg,416,416,car,137,181,185,259
MP_SEL_000844_jpg.rf.710997d4d10a1cfeb63682c237590b00.jpg,416,416,car,0,172,154,365
MP_SEL_000844_jpg.rf.710997d4d10a1cfeb63682c237590b00.jpg,416,416,car,0,288,48,416
MP_SEL_000983_jpg.rf.7766fc38b50317b0233f4b7e1434fe71.jpg,416,416,person,250,34,327,289
MP_SEL_000875_jpg.rf.7f2cf13502d37be2d41ea7b63dc48b50.jpg,416,416,crosswalk,101,173,271,403

MP_SEL_000850_jpg.rf.86f06c33007f535db21a6c2d2ff2075a.jpg,416,416,car,211,169,224,191
MP_SEL_000850_jpg.rf.86f06c33007f535db21a6c2d2ff2075a.jpg,416,416,car,181,169,198,199
MP_SEL_000850_jpg.rf.86f06c33007f535db21a6c2d2ff2075a.jpg,416,416,car,165,165,187,215
MP_SEL_000850_jpg.rf.86f06c33007f535db21a6c2d2ff2075a.jpg,416,416,car,145,155,170,227
MP_SEL_000850_jpg.rf.86f06c33007f535db21a6c2d2ff2075a.jpg,416,416,truck,0,98,160,312
MP_SEL_000961_jpg.rf.77f325db74183a290c7d90ec4e77073b.jpg,416,416,person,294,50,381,183



MP_SEL_000850_jpg.rf.91cb7d539e79885d7339ec8cc6b9f0a2.jpg,416,416,car,193,169,206,191
MP_SEL_000850_jpg.rf.91cb7d539e79885d7339ec8cc6b9f0a2.jpg,416,416,car,218,169,235,199
MP_SEL_000850_jpg.rf.91cb7d539e79885d7339ec8cc6b9f0a2.jpg,416,416,car,230,165,252,215
MP_SEL_000850_jpg.rf.91cb7d539e79885d7339ec8cc6b9f0a2.jpg,416,416,car,246,155,271,227
MP_SEL_000850_jpg.rf.91cb7d539e79885d7339ec8cc6b9f0a2.jpg,416,416,truck,256,98,416,312



MP_SEL_000988_jpg.rf.884f3a0926ff507e9d88ae33c9b527a9.jpg,416,416,person,136,124,194,313


MP_SEL_000810_jpg.rf.93057781a758bf667bb8fa7a38467c69.jpg,416,416,person,194,72,201,97
MP_SEL_000810_jpg.rf.93057781a758bf667bb8fa7a38467c69.jpg,416,416,person,410,77,416,94
MP_SEL_000810_jpg.rf.93057781a758bf667bb8fa7a38467c69.jpg,416,416,car,274,79,286,94
MP_SEL_000810_jpg.rf.93057781a758bf667bb8fa7a38467c69.jpg,416,416,car,346,75,375,107
MP_SEL_000810_jpg.rf.93057781a758bf667bb8fa7a38467c69.jpg,416,416,car,303,78,337,104
MP_SEL_000810_jpg.rf.93057781a758bf667bb8fa7a38467c69.jpg,416,416,car,152,67,186,118
MP_SEL_000810_jpg.rf.93057781a758bf667bb8fa7a38467c69.jpg,416,416,car,250,83,265,103
MP_SEL_000810_jpg.rf.93057781a758bf667bb8fa7a38467c69.jpg,416,416,car,364,80,393,115
MP_SEL_000956_jpg.rf.88c51d89017271102745212ec6e0ba45.jpg,416,416,bicycle,267,180,345,278
MP_SEL_000956_jpg.rf.88c51d89017271102745212ec6e0ba45.jpg,416,416,motorbike,141,184,187,319

MP_SEL_000884_jpg.rf.82da4da6c265b23a1f270e2aefe2ad7e.jpg,416,416,bar,127,129,152,296
MP_SEL_000823_jpg.rf.8d4b1115d5fe8f2c493364f41292f07e.jpg,416,416,car,70,6,99,32
MP_SEL_000823_jpg.rf.8d4b1115d5fe8f2c493364f41292f07e.jpg,416,416,car,1,10,27,29
MP_SEL_000823_jpg.rf.8d4b1115d5fe8f2c493364f41292f07e.jpg,416,416,car,261,16,271,26
MP_SEL_000823_jpg.rf.8d4b1115d5fe8f2c493364f41292f07e.jpg,416,416,car,151,11,179,33
MP_SEL_000823_jpg.rf.8d4b1115d5fe8f2c493364f41292f07e.jpg,416,416,car,176,15,196,33
MP_SEL_000823_jpg.rf.8d4b1115d5fe8f2c493364f41292f07e.jpg,416,416,car,289,16,335,42
MP_SEL_000823_jpg.rf.8d4b1115d5fe8f2c493364f41292f07e.jpg,416,416,person,205,12,215,52
MP_SEL_000823_jpg.rf.8d4b1115d5fe8f2c493364f41292f07e.jpg,416,416,person,213,12,223,53






MP_SEL_000810_jpg.rf.a2b4a97320452b0e0ad465b6ebbb10c7.jpg,416,416,person,215,72,222,97
MP_SEL_000810_jpg.rf.a2b4a97320452b0e0ad465b6ebbb10c7.jpg,416,416,person,0,77,6,94
MP_SEL_000810_jpg.rf.a2b4a97320452b0e0ad465b6ebbb10c7.jpg,416,416,car,130,79,142,94
MP_SEL_000810_jpg.rf.a2b4a97320452b0e0ad465b6ebbb10c7.jpg,416,416,car,41,75,70,107
MP_SEL_000810_jpg.rf.a2b4a97320452b0e0ad465b6ebbb10c7.jpg,416,416,car,80,78,114,104
MP_SEL_000810_jpg.rf.a2b4a97320452b0e0ad465b6ebbb10c7.jpg,416,416,car,230,67,264,118
MP_SEL_000810_jpg.rf.a2b4a97320452b0e0ad465b6ebbb10c7.jpg,416,416,car,151,83,166,103
MP_SEL_000810_jpg.rf.a2b4a97320452b0e0ad465b6ebbb10c7.jpg,416,416,car,23,80,52,115
MP_SEL_000854_jpg.rf.a12c602862bfc98b8cfd0dc3ca6f60f6.jpg,416,416,car,1,3,46,206

MP_SEL_000878_jpg.rf.a596f7b5a4b01e0d5a2f8ca16cc967d0.jpg,416,416,bicycle,18,72,274,252



MP_SEL_000837_jpg.rf.aac71877ecbbb961e07ce64c71b26271.jpg,416,416,car,171,133,193,163
MP_SEL_000837_jpg.rf.aac71877ecbbb961e07ce64c71b26271.jpg,416,416,truck,133,119,176,206
MP_SEL_000837_jpg.rf.aac71877ecbbb961e07ce64c71b26271.jpg,416,416,car,70,144,159,247
MP_SEL_000837_jpg.rf.aac71877ecbbb961e07ce64c71b26271.jpg,416,416,car,1,134,96,415
MP_SEL_000951_jpg.rf.a6ee9fd80aaa2a7f2e3b05426cf55840.jpg,416,416,bus,241,18,402,120
MP_SEL_000951_jpg.rf.a6ee9fd80aaa2a7f2e3b05426cf55840.jpg,416,416,crosswalk,59,115,330,356
MP_SEL_000952_jpg.rf.a554c11239f95fe36bb9f328905ac3e3.jpg,416,416,bar,249,62,269,160
MP_SEL_000831_jpg.rf.aa8a3b4fb01b7083e460680b787794d4.jpg,416,416,stair,90,64,352,297
MP_SEL_000859_jpg.rf.b513b6e8f786c770ff2ea98410e17c81.jpg,416,416,bus,112,147,152,193
MP_SEL_000859_jpg.rf.b513b6e8f786c770ff2ea98410e17c81.jpg,416,416,truck,113,146,163,218
MP_SEL_000859_jpg.rf.b513b6e8f786c770ff2ea98410e17c81.jpg,416,416,car,235,167,279,218
MP_SEL_000859_jpg.rf.b513b6e8f786c770ff2ea98410e17c81.jpg,416,416,car,81,174,147,248
MP_SEL_000849_jpg.rf.afee4314cd9c654827264606e76de894.jpg,416,416,car,221,188,239,219
MP_SEL_000849_jpg.rf.afee4314cd9c654827264606e76de894.jpg,416,416,car,230,188,282,263
MP_SEL_000849_jpg.rf.afee4314cd9c654827264606e76de894.jpg,416,416,truck,264,159,393,309


MP_SEL_000915_jpg.rf.aa01d18eac1fcd104645590b94121045.jpg,416,416,stair,291,91,331,208

MP_SEL_000829_jpg.rf.a28697dc7db61425a738dc76dccdf661.jpg,416,416,car,225,121,237,137
MP_SEL_000829_jpg.rf.a28697dc7db61425a738dc76dccdf661.jpg,416,416,car,247,125,265,159
MP_SEL_000829_jpg.rf.a28697dc7db61425a738dc76dccdf661.jpg,416,416,car,94,109,186,184
MP_SEL_000829_jpg.rf.a28697dc7db61425a738dc76dccdf661.jpg,416,416,car,256,120,313,198
MP_SEL_000829_jpg.rf.a28697dc7db61425a738dc76dccdf661.jpg,416,416,car,1,107,130,412
MP_SEL_000803_jpg.rf.abe6f52ed302dfc3c15413f03ad301b3.jpg,416,416,car,295,191,325,222
MP_SEL_000803_jpg.rf.abe6f52ed302dfc3c15413f03ad301b3.jpg,416,416,person,167,194,177,226
MP_SEL_000803_jpg.rf.abe6f52ed302dfc3c15413f03ad301b3.jpg,416,416,truck,107,192,141,231
MP_SEL_000833_jpg.rf.b0bd90472f996a971e6dea4ec77025c8.jpg,416,416,truck,182,99,215,155
MP_SEL_000833_jpg.rf.b0bd90472f996a971e6dea4ec77025c8.jpg,416,416,bus,29,78,143,207
MP_SEL_000833_jpg.rf.b0bd90472f996a971e6dea4ec77025c8.jpg,416,416,car,243,98,316,199

MP_SEL_000848_jpg.rf.b8484e9afb926df0f84e16b27804f14e.jpg,416,416,car,177,164,203,204
MP_SEL_000848_jpg.rf.b8484e9afb926df0f84e16b27804f14e.jpg,416,416,truck,0,3,175,379
MP_SEL_000848_jpg.rf.b8484e9afb926df0f84e16b27804f14e.jpg,416,416,car,163,165,193,253




MP_SEL_000994_jpg.rf.a17480b9909fc08c221c49a5840647ca.jpg,416,416,crosswalk,94,80,362,333
MP_SEL_000979_jpg.rf.a7503d8801ab74b6dbd8c45614360630.jpg,416,416,bus,11,16,141,130
MP_SEL_000979_jpg.rf.a7503d8801ab74b6dbd8c45614360630.jpg,416,416,crosswalk,84,174,265,333

MP_SEL_000874_jpg.rf.be756c84584d7f73288299cbace3f3e5.jpg,416,416,stair,155,56,262,323
MP_SEL_000884_jpg.rf.bf7dae2634d8565c35d0ce1f22d44cfd.jpg,416,416,bar,264,129,289,296
MP_SEL_000842_jpg.rf.b371037d36d2fc9d83c3dbe4e763e6d7.jpg,416,416,person,196,169,206,198
MP_SEL_000842_jpg.rf.b371037d36d2fc9d83c3dbe4e763e6d7.jpg,416,416,car,209,175,224,199
MP_SEL_000842_jpg.rf.b371037d36d2fc9d83c3dbe4e763e6d7.jpg,416,416,car,169,169,197,212
MP_SEL_000842_jpg.rf.b371037d36d2fc9d83c3dbe4e763e6d7.jpg,416,416,car,131,170,177,248
MP_SEL_000842_jpg.rf.b371037d36d2fc9d83c3dbe4e763e6d7.jpg,416,416,car,72,185,153,293
MP_SEL_000842_jpg.rf.b371037d36d2fc9d83c3dbe4e763e6d7.jpg,416,416,truck,0,226,81,416
MP_SEL_000855_jpg.rf.c82c50550105bf0ddd753ed139c4b55c.jpg,416,416,car,234,139,267,187
MP_SEL_000855_jpg.rf.c82c50550105bf0ddd753ed139c4b55c.jpg,416,416,car,292,144,316,185
MP_SEL_000855_jpg.rf.c82c50550105bf0ddd753ed139c4b55c.jpg,416,416,car,131,137,176,202
MP_SEL_000855_jpg.rf.c82c50550105bf0ddd753ed139c4b55c.jpg,416,416,car,1,90,161,395

MP_SEL_000878_jpg.rf.aef4a441c0f2133cb2f90ab378fbfcc0.jpg,416,416,bicycle,143,72,399,252
MP_SEL_000983_jpg.rf.cd8c71eb67028f9a6cf7146dd2914c9a.jpg,416,416,person,89,34,166,289
MP_SEL_000942_jpg.rf.c8278d84fa0e94980e1ea28e6f1f680d.jpg,416,416,bar,115,99,133,201


MP_SEL_000898_jpg.rf.c5e01f8ccf04d73dc88c97d61265c43d.jpg,416,416,bicycle,74,144,111,190
MP_SEL_000898_jpg.rf.c5e01f8ccf04d73dc88c97d61265c43d.jpg,416,416,car,295,136,361,205


MP_SEL_000865_jpg.rf.cf679200e6856a1bf534a8c49941ba34.jpg,416,416,car,180,169,193,193
MP_SEL_000865_jpg.rf.cf679200e6856a1bf534a8c49941ba34.jpg,416,416,car,138,172,190,239
MP_SEL_000813_jpg.rf.cf59b52a12726f97a8b270d1ac436247.jpg,416,416,car,144,0,167,31






MP_SEL_000849_jpg.rf.d8b381585f8961d7682ce1a04f83a049.jpg,416,416,car,177,188,195,219
MP_SEL_000849_jpg.rf.d8b381585f8961d7682ce1a04f83a049.jpg,416,416,car,134,188,186,263
MP_SEL_000849_jpg.rf.d8b381585f8961d7682ce1a04f83a049.jpg,416,416,truck,24,159,153,309


MP_SEL_000860_jpg.rf.d3427c4331f68932cbe4f39136352190.jpg,416,416,truck,230,157,267,204
MP_SEL_000860_jpg.rf.d3427c4331f68932cbe4f39136352190.jpg,416,416,car,316,170,340,197
MP_SEL_000860_jpg.rf.d3427c4331f68932cbe4f39136352190.jpg,416,416,truck,140,155,214,226
MP_SEL_000860_jpg.rf.d3427c4331f68932cbe4f39136352190.jpg,416,416,car,50,168,138,241
MP_SEL_000860_jpg.rf.d3427c4331f68932cbe4f39136352190.jpg,416,416,car,251,175,328,252



MP_SEL_000874_jpg.rf.cda23b5fcda9b26044bbb1eac594e2e9.jpg,416,416,stair,154,56,261,323
MP_SEL_000859_jpg.rf.d4a994f0da2aabf80938b435115846d8.jpg,416,416,bus,265,147,305,193
MP_SEL_000859_jpg.rf.d4a994f0da2aabf80938b435115846d8.jpg,416,416,truck,253,146,303,218
MP_SEL_000859_jpg.rf.d4a994f0da2aabf80938b435115846d8.jpg,416,416,car,138,167,182,218
MP_SEL_000859_jpg.rf.d4a994f0da2aabf80938b435115846d8.jpg,416,416,car,269,174,335,248
MP_SEL_000811_jpg.rf.d4e7b20d3029e900a576e14ade823aac.jpg,416,416,car,159,105,182,145
MP_SEL_000811_jpg.rf.d4e7b20d3029e900a576e14ade823aac.jpg,416,416,car,210,96,266,177
MP_SEL_000811_jpg.rf.d4e7b20d3029e900a576e14ade823aac.jpg,416,416,car,259,118,291,174
MP_SEL_000811_jpg.rf.d4e7b20d3029e900a576e14ade823aac.jpg,416,416,truck,270,4,416,398




MP_SEL_000862_jpg.rf.d9c933782eebb548d3b9dddefa5fce32.jpg,416,416,car,115,165,127,173
MP_SEL_000862_jpg.rf.d9c933782eebb548d3b9dddefa5fce32.jpg,416,416,car,137,162,150,186
MP_SEL_000862_jpg.rf.d9c933782eebb548d3b9dddefa5fce32.jpg,416,416,truck,148,152,174,196
MP_SEL_000862_jpg.rf.d9c933782eebb548d3b9dddefa5fce32.jpg,416,416,car,168,173,204,211
MP_SEL_000862_jpg.rf.d9c933782eebb548d3b9dddefa5fce32.jpg,416,416,car,304,173,348,220
MP_SEL_000862_jpg.rf.d9c933782eebb548d3b9dddefa5fce32.jpg,416,416,car,13,167,114,314
MP_SEL_000862_jpg.rf.d9c933782eebb548d3b9dddefa5fce32.jpg,416,416,car,317,164,416,349

MP_SEL_000961_jpg.rf.d30087b878d6f7514a0bde522bd81a52.jpg,416,416,person,35,50,122,183

MP_SEL_000803_jpg.rf.e0a2bb8f244b2f0fdcb7181d3c801d46.jpg,416,416,car,92,191,122,222
MP_SEL_000803_jpg.rf.e0a2bb8f244b2f0fdcb7181d3c801d46.jpg,416,416,person,239,194,249,226
MP_SEL_000803_jpg.rf.e0a2bb8f244b2f0fdcb7181d3c801d46.jpg,416,416,truck,275,192,309,231
MP_SEL_000848_jpg.rf.dd3a83658ae657ed40facc7443aa5627.jpg,416,416,car,214,164,240,204
MP_SEL_000848_jpg.rf.dd3a83658ae657ed40facc7443aa5627.jpg,416,416,truck,241,3,416,379
MP_SEL_000848_jpg.rf.dd3a83658ae657ed40facc7443aa5627.jpg,416,416,car,224,165,254,253
MP_SEL_000862_jpg.rf.dbd47810f309f264588095449885f9f5.jpg,416,416,car,289,165,301,173
MP_SEL_000862_jpg.rf.dbd47810f309f264588095449885f9f5.jpg,416,416,car,266,162,279,186
MP_SEL_000862_jpg.rf.dbd47810f309f264588095449885f9f5.jpg,416,416,truck,242,152,268,196
MP_SEL_000862_jpg.rf.dbd47810f309f264588095449885f9f5.jpg,416,416,car,212,173,248,211
MP_SEL_000862_jpg.rf.dbd47810f309f264588095449885f9f5.jpg,416,416,car,69,173,113,220
MP_SEL_000862_jpg.rf.dbd47810f309f264588095449885f9f5.jpg,416,416,car,302,167,403,314
MP_SEL_000862_jpg.rf.dbd47810f309f264588095449885f9f5.jpg,416,416,car,0,164,99,349




MP_SEL_000951_jpg.rf.f4d90f46f1ed89da1b156593c9090eb0.jpg,416,416,bus,15,18,176,120
MP_SEL_000951_jpg.rf.f4d90f46f1ed89da1b156593c9090eb0.jpg,416,416,crosswalk,86,115,357,356


MP_SEL_000808_jpg.rf.e68aeffcb8cfbc087468bdd83641c20d.jpg,416,416,car,30,0,51,21
MP_SEL_000808_jpg.rf.e68aeffcb8cfbc087468bdd83641c20d.jpg,416,416,car,48,0,103,46
MP_SEL_000867_jpg.rf.fb30915d686cf04878f6039b58eb6b58.jpg,416,416,truck,164,133,191,179
MP_SEL_000867_jpg.rf.fb30915d686cf04878f6039b58eb6b58.jpg,416,416,car,110,139,176,220
MP_SEL_000867_jpg.rf.fb30915d686cf04878f6039b58eb6b58.jpg,416,416,car,290,149,369,229
MP_SEL_000867_jpg.rf.fb30915d686cf04878f6039b58eb6b58.jpg,416,416,truck,1,15,67,374
MP_SEL_000867_jpg.rf.fb30915d686cf04878f6039b58eb6b58.jpg,416,416,car,291,172,322,219
MP_SEL_000957_jpg.rf.f6a3d1c24cc6189409a7594412a01e3d.jpg,416,416,bicycle,60,167,135,301

MP_SEL_000844_jpg.rf.f3dc842a903279fa70d07bb65a5da8c5.jpg,416,416,car,193,173,206,186
MP_SEL_000844_jpg.rf.f3dc842a903279fa70d07bb65a5da8c5.jpg,416,416,car,185,181,203,203
MP_SEL_000844_jpg.rf.f3dc842a903279fa70d07bb65a5da8c5.jpg,416,416,car,162,186,200,213
MP_SEL_000844_jpg.rf.f3dc842a903279fa70d07bb65a5da8c5.jpg,416,416,car,231,181,279,259
MP_SEL_000844_jpg.rf.f3dc842a903279fa70d07bb65a5da8c5.jpg,416,416,car,262,172,416,365
MP_SEL_000844_jpg.rf.f3dc842a903279fa70d07bb65a5da8c5.jpg,416,416,car,368,288,416,416






MP_SEL_000931_jpg.rf.fe66ef4d78d4c62d46e5a7488a76aa79.jpg,416,416,stair,227,264,303,350
MP_SEL_000966_jpg.rf.ff1365add6fbe48df75c3c122ef26253.jpg,416,416,crosswalk,162,120,352,236
MP_SEL_000863_jpg.rf.fbfadc87b4f5d7ea81dd8d93d702f2cd.jpg,416,416,car,35,166,131,294
MP_SEL_000863_jpg.rf.fbfadc87b4f5d7ea81dd8d93d702f2cd.jpg,416,416,car,0,188,22,308
MP_SEL_000863_jpg.rf.fbfadc87b4f5d7ea81dd8d93d702f2cd.jpg,416,416,car,282,135,416,409
MP_SEL_000863_jpg.rf.fbfadc87b4f5d7ea81dd8d93d702f2cd.jpg,416,416,stair,198,253,258,312